Movie,Lists,Tags,Description,Wikipedia,Average Rating,Comments
Persona3 THE MOVIE #3 Falling Down (2015),"Under 100 Minutes; Every Animated Film Made from 1878 – present.; Japanese Animation; anime series, movies, OVAs and shorts; Every video game movie ever",,"The season turns to autumn and the fight of Makoto and his group S.E.E.S. with the strange monsters known as ‘Shadows’ is getting closer to the end. Makoto and his allies engage in life-or-death battles with Shadows in order to end the Dark Hour. Through the battles, some must face the deaths of friends and family, some must notice what precious things must be protected, and some must find meaning in the battles that have occurred. In front of Makoto, the mysterious transfer student Ryoji Mochizuki appears. When the group greets a new morning, the gears of fate begin to turn. A fight revolving around each of the heroes' bonds begins...",,3.45,"★★★★ Wow Makoto and Ryoji are gay now
★★★½ Dark hour aside, that's the gayest romcom i've ever seen
★★ the scene of akihiko coming to terms with the death of his friend was 1:44 long. the scene in which the male cast attempted to sneak out of the hot springs when the female cast walked in was 3:45 long.
★★ “Falling Down” is a very fitting title holy shit. After I came out from the last two movies satisfied, even somewhat loving the second one, Persona 3’s third movie is a thorough butchering of the story, character arcs and pacing and I honestly cannot believe how bad it is. Sure it’s pretty to look at and I appreciate that they tried giving a shit about Makoto’s character arc but it takes up the ENTIRETY of the fucking film, extending Ryoji’s screentime to an absurd degree despite him only really mattering for one reason in the actual game. The writers are skipping past MAJOR plot beats in the game at nauseating speeds, rushing through and completely fucking ruining any believability and…
★★★ Yosuke Hanamura would HATE this movie
★★★½ OMG BEBE WAS THERE
★★★½ the gayest and emoest in the tetralogy so far
★★★★★ i have three (3) questions
• how is there four romance* subplots? • why is death so hot? • how did this make me cry when i already know what’s about to happen?

* only one really but come on, you’re not telling me not a single one of the other friendships between depressed teens is not gay in some way? ain’t no way all three of makoto and ryoji, mitsuru and yukari, AND fuuka and natsuki are all straight. yes, this might be going against the characters but honestly at least try to make it not seem gay, you had three chances and you failed at all of them
adapts the worst, most overdramatic portion of the game in a really compressed way for the first and last 20 minutes, and between them we get to the best part: gay times with ryuji. this is completely a comedic filler arc and it doesn't really work at all when translated into a film format, but i appreciate that it's trying to be different from the previous two which were very drama/action focused
★★★★ ""The closer you get to someone, the more it'll hurt when they're gone.""
Easily the most plotless of these movies, although that's not really a fault of the movie itself as it is just a result of the way the original game's structured. November and December come after the starting plot wraps up for the moment, and as a result there isn't as much here in terms of action sequences, big events or character introductions, or trips to the dark hour. Instead, the time is spent mostly just flowing with the characters, as the events of the opening act change their perception and sees each of them latching on to problems and negative feelings that leaves them feeling alone or…
★★★★ ""I... I know things turned out like this, but there's one thing I can say for sure. I'm glad I met Chidori. And I'm glad that I fell in love with her.""
★★★½ Peaksona"
Schoolgirl Apocalypse (2011),J-Horror; Zombie; Japanese Horror,,"Japanese schoolgirl Sakura has her idyllic small-town life turned inside-out when the local men start savagely killing the women. Armed with only her kyudo bow for protection and an English textbook for comfort, Sakura journeys through an apocalyptic world of mayhem.",,3.33,"★★★ I was rubbing my hands (I said hands) with excited intrigue when I stumbled upon on this and read the synopsis on Prime video, hoping for another indie Japanese splatter-fest in the style of The Crazies or 28 Days Later but I was way off the mark there. Sure, things do start off on an apocalyptic note before taking on the form of an ethereal Lovecraftian nightmare, which was quite an unexpected shift in direction.
It is a little slow and overstretched at times, the editing could have been tightened up, particularly with the animated segments that act as the films dream sequences. It all has a quiet tranquil calm to it that I liked and we're in good company…
★★ Was expecting more from this Japanese film about a schoolgirl with a bow and arrow fighting against men who turn into zombies from a signal in this apocalyptic zombie horror film but after a good start the film just wastes it's potential and spends most of its runtime in a building with the main character with a blind woman and a kid in a wheelchair. Thought this would be a Takeshi Miike weirdo, gory funny and silly film but it just wanders around with not much happening. The end was silly in a good way, I liked that part but my enthusiasm and interest had gone by that point.
★★★ What a strong opening.
Unfortunately that was the movie's high point by a mile, because then it just stumbles its way through the running time. It's not bad, I quite liked the atmosphere and Sakura makes for a quite relatable protagonist, but the story takes a turn for the worse around the middle point. None of the characters are interesting besides Sakura.
But it has flair and some very interesting shot choices. Director John Cairns hasn't done any other movie in his career and that's a shame because he's good. Makes a lot of his tiny budget for sure. The script is the problem.
I like that the zombies are vulnerable.
I like that this movie is clearly the artistic work and vision of one person.
The ending was bollocks though.
★★★ Sakura lives Carefree in a Japanese Village, goes to School and is in the Archery Club. But everything changes when one Day a strange Signal turns all the Male Residents into Brainless Monsters who then want to Kill all the Women and Girls. ( Actually, it's like the last 2000 Years only that the Men Scream more and don't Speak 🤷‍♀️).
The Film then Develops a little differently than I had thought. And it is also more Calm and Serious than some other Films of this Genre from Japan. In my Opinion, though, it's a Solid Horror Survival Film with some really good Scenes. But I have to Mention one Thing : those stupid Animation Sequences in the Film makes me really Brainless and Aggressive 🤪
★★★ When a strange piercing signal sends the entire male population on a murderous zombie-like rampage, sailor-suited schoolgirl Sakura is left to fend for herself in a world gone suddenly insane. Featuring entertainingly weird animated segments and an imaginative surprise ending that I definitely didn't see coming, Schoolgirl Apocalypse is not your run-of-the-mill zombie survival flick. Hampered only by the constraints of its budget, the film is a step above typical Japanese B-movie fare and a solid first effort by director John Cairns. I look forward to seeing more of his work.
★★★½ Schoolgirl apocalypse is not what I thought it be at all in a good way. The story follows Sakura as she travels a apocalyptic world to transport a young boy to the ocean. It is similar to the road in many may ways with a weird Japanese sense. Sakura is a interesting and likeable character to follow. The zombies are interesting enough but they do fall in the background later in the movie. The story is a surprise for me mixing a coming of age story with and the road. The ending is weird but I think it fits in a weird way. In the end schoolgirl apocalypse is a surprise in a good way with some weird stuff along the way.
★★★½ Love and Massacre: October Watchlist
Everyone's addicted to the sea currents. Everyone's gone mad. The fidelities are low for the warm atmosphere. Practically, the special effects and animated dreams are cheap, but the independent vision on a shoestring has been realized. The on-screen pulp is vague and unexternalized ; something rich and empowering will come to those who wait. The young student will find the (eldritch) truth.
★★★ School teen Sakura finds herself fighting for her survival, after a mysterious signal turns all males into women-killing zombies. An interesting, slowburn dystopian horror - littered with grisly violence and surreal / quirky flourishes. The creative use of sound and the dreamy visuals shape a uniquely haunting atmosphere. A story of fragility, isolation, trauma, desperation, morality, reality / madness - with Sakura frequently disappearing into the illustrated pages of a school textbook. Higarino delivers a subtle and captivating performance as Sakura - neatly balancing vulnerability with steely resilience. Perhaps not for everybody - it is maybe overly long, sparse, ambiguous and oblique. Nevertheless, an engaging and unique journey.
Streamed via Prime Video.
★★★½ Schoolgirl Apocalypse is a nice low-budget take on the Zombie Apocalypse with some neat ideas for the paranormal aspects and well executed human horror aspects. It’s also a far away from the campiness that its title suggests.
Higa Rino stars as the schoolgirl Sakura whose small-town life takes a turn for the worse when a strange radio signal turns all men into blood-thirsty, homicidal maniacs. After her father kills her mother she’s on the run, with only her school bag and her bow to help her when encountering both other survivors and the Zombie-like males.
Despite its budgetary constraints Schoolgirl Apocalypse features some neat practical effects, although there’s an emphasis on atmosphere over action. And there’s a bunch of animated…
★★★★★ The makeup of the zombies is effective, the animation scenes are smooth and interesting, and the movie has an unexpected ending. If you like zombie films this has a unique take on the genre.
★★★★ Beautiful cinematography, excellent directing, great atmosphere and action, etc. Instead of the typical cliche sword, the main character Sakura uses a bow, which makes it all the more unique and only men are affected in this post-apocalyptic scenario. It's really compelling and original. Big fan of this movie.
★★★½ I expected this movie to be more in line with a Sushi Typhoon style film, but while the ending comes close, the majority of it is a quiet, slow-burn zombie survival flick. We follow Sakura, a schoolgirl in a sailor suit who wields a bow and arrow. After a strange tone transforms all the men into zombies, Sakura must navigate through the apocalypse.
I appreciated the film's more serious and subdued approach to zombie survival, it builds a really unsettling sense of dread with many scenes that felt dreamlike and nightmarish
I loved the overall atmosphere of this movie. The cinematography and vibe remind me a lot of late 90s to early 2000s V-cinema, particularly films like ""Stacy: Attack of…"
Ashley (2020),LGBT Horror; Things That Piqued My Interest & Tickled My Fancy,Horror,"Dragging a wheelie case behind them, Ashley arrives at an isolated, beachside cottage. They hope that this weekend in the countryside might be the change they need: a change from depression, from heartbreak, from the pain of a shifting identity. As the weekend unfolds, however, their hope wavers: things go wrong in their body, or perhaps in their mind — or perhaps there really is something, outside, developing an appetite for them…",,3.0,★★★ i spent the whole time watching this feeling a bit disorientated at how familiar the voice sounded.... confirmed in credits voiceover was a mate lol !
Belly (1998),"Random Movie Roulette; If you like (2010's movie) watch (older movie); All the Movies (Sorted by movie posters); FILM SCHOOL; High Art Genre Movies; Under 100 Minutes; Long, Weird List of Movies; My Favorite Movie Posters; Top 250 Films by Black Directors; Film Poster Déjà Vu; Black Life on Film; Letterboxd Four Favorites Interviews; for when you don't know what to watch; Interesting ones which deserve more recognition (some slightly well-known, others almost unobserved). ***When added (that is, update needed); Color; My 1000 Favorite Films of All-Time; All films set in New York City; towards a canon of interesting, and important, sex scenes; Safdie Brothers favorite films; BLACK POWER; Seth’s 100 ‘Must-Watch’ Movies before you die!; Needle on the Record: iconic music moments in movies, covered by the MUBI Podcast; New York; “This movie sucks it makes no sense” YEAH WELL YOU DONT MAKE SENSE; Forgotten Gems that should be talked about.","Drama; Crime; Crime, drugs and gangsters; Gritty crime and ruthless gangsters; Violent action, guns, and crime; Violent crime and drugs","Tommy Bundy and Sincere are best friends as well as infamous and ruthless criminals and shot-callers in the hood. Respected by many but feared by all. As the police are closing in on them and new players are looking for a come up, will their reign last?","In 1999 Queens , New York City , young street criminals Tommy ""Buns"" Bundy and Sincere (""Sin""), along with associates Mark and Black, murder five people during a violent nightclub robbery . After celebrating with the gang, Sincere returns home to his girlfriend Tionne and infant daughter Kenya.

The following morning and day, Tommy asks Sincere to help him sell a new form of heroin . Sincere, who has begun having second thoughts about his life of crime, reluctantly agrees. Tommy then visits Ox, a wealthy Jamaican drug lord, who agrees to obtain the heroin on the condition that Tommy repay him with a very special favor at a later date.

In Mark's grandmother's basement, the gang convenes to discuss the nascent drug operation; one of Tommy's associates, Knowledge, will be involved in the operation. Knowledge tells his friend Tommy over the phone that Black had been talking about robbing his friend Sincere to get his larger share of the 
vulgar conversation loot from the nightclub. Way too enraged, Tommy forces Black to strip naked in front of the others, wildly firing warning shots with a handgun into the floor.

The gang begins transporting heroin from Queens to Omaha , Nebraska , where they begin to overrun the local drug business. Big Head Rico, an Omaha dealer, informs the police of their activities. The resulting raid at their stash-house ends with Mark's death and Knowledge's arrest. Knowledge angrily realizes that Tommy will not bail him out of jail, and calls Shameek, a.k.a. Father Sha, to both infiltrate Rico's gang and kill Tommy. At a strip club, Shameek drinks shots that Rico spiked with hallucinatory powder and, under the influence, blows his own cover by telling Rico that he was sent by Knowledge to kill him. As Rico gets up and attempts to inform his henchmen, he is killed by Shameek as he tries to flee. Shameek is shot by the bartender and stumbles out of the club. He shoots at and evades the Omaha police.

Tommy travels to Jamaica and repays Ox by killing Sosa, the son of a local drug lord. Back home, Tommy's girlfriend Kisha is arrested by police and later bailed out by Tionne. Tommy finds out about the raid and leaves town. Pelpa, a close friend of Sosa, finds out that Ox ordered the hit on Sosa. Pelpa sends a hit squad to kill Ox in his home. Ox kills most of the hitmen before dying at the hands of a female assassin.

Sincere prepares to leave the drug trade and move his family to Africa , planning to leave on New Year's Day 2000. Meanwhile, while laying low in Atlanta, Tommy instigates an argument between Wise and LaKid, two marijuana dealers, which ends with both men drawing their guns and LaKid shooting Wise. After being arrested over the shooting, Tommy is coerced by a shadowy organization with unclear motives into assassinating a Christian preacher, Rev. Saviour, during a sermon on New Year's Eve . Tionne comes home and finds herself confronted by Shameek and his henchmen, who had broken into the home in hopes of finding Sincere, but were unsuccessful. After attempting to interrogate Tionne for information on Sincere and Tommy, they leave when she pulls a gun on them. When Sincere comes home, Tionne tells him what happened and insists that he get out of this dangerous life, which he agrees.

Tommy calls Sincere and asks him to come meet him at a diner in Harlem as they haven't seen each other in a long time. Comparing notes, they acknowledge that they have both changed. Tommy has been positively influenced by the Christian movement he has infiltrated and Rev. Savior, and Sincere has similarly decided to change his life in a positive direction, telling Tommy of his plans focus on his family and move to Africa. They marvel at how far they have come and how their paths have changed.

While Sincere talks to his barber outside a barbershop, Black arrives and shoots Sincere in the leg as revenge for his earlier humiliation. Sincere and his barber kill Black and his accomplice in self-defense before fleeing the scene. On New Year's Eve, a conflicted Tommy confronts Rev. Saviour before his scheduled speech and points his gun at him. Saviour convinces Tommy not to go through with his mission, even though this will put his life at risk. A tearful Tommy agrees, and the two men embrace.

Shameek breaks into one of Tommy's homes where Kisha is living, in the hopes of finding Tommy there. He interrogates and assaults Kisha, who manages to turn the tables and get a hold of Shameek's gun, shooting him in the face. In a voiceover, Sincere says he is now in Africa with his family, reflects on recent events and is happy to start a new life.",4.46,"★★★★★ The Suspiria of 90s hood movies.
★★★★ ""Born by myself, die by myself.""
Remixes a decade of American crime cinema (including Ferrara, De Palma and Bill Duke) with a form of experimental hip-hop expressionism. A blaxploitation purification story told in idiosyncratic compositions drenched in passionate colors and sudden, incomprehensible explosions of violence. Doesn't care about narrative coherency as much as it cares about capturing the intense feelings of its dark, oppressive environment; an entire network of pressure, isolation, and brutality that only ever gives you the illusion of individual choice/power. DMX plays it exactly right, all self-assured authority until it's hollowed out and crushed and offered a chance to rebuild. Don't know what I was expecting when I turned this on but I did not expect to be thinking about Takeshi Kitano or Seijun Suzuki. It's a crime that Hype Williams didn't get to develop this style further and that DMX didn't get to act in more movies than he did. RIP to a king.
★★★★ Nas and DMX read self-improvement books as the millennium approaches.
I think they ran out of money halfway through this movie because of all the insane lighting. Totally worth it. Such a delirious, disaster of a masterpiece. Reminds me a lot of Southland Tales in its apocalyptic vision of the new American millennium and how its auteur director was perhaps driven mad by it, or at the very least never got another bite of the apple. Hype Williams canvas of dreamy nighttime color and beautifully appointed interiors belies the claustrophobic oppression and squalor of the world of exploitation he portrays. The epitome of late 90s aesthetic vibes all pointing to a new century of youth culture dominated by drugs, sex,…
★★★★ Had tickets to see this in 35mm back in the fall but couldn't make it for reasons I completely forget. Having finally seen it I can now say I definitely wouldn't have forgotten about that night if I ended up going. I've never seen lights used like this before, felt like I was discovering a whole new way of making movies.
Anyone who says the only noteworthy part of this film are the first 10 minutes (don't get me wrong, great opening) hasn’t seen the last 10 minutes.
★★★★½ “Black literature is taught as sociology, as tolerance, not as a serious, rigorous art form.” - Toni Morrison
★★★★★ After a Kubrick-on-speed diamond heist at a neon-blacklit strip club, Nas walks into DMX's crib, turns on the plasma TV and confusedly watches GUMMO as DMX angrily plays billiards by himself, frustrated that his cohort isn't shutting up and appreciating the movie.
These are the first 7 minutes of BELLY .
★★★★ Superb blaxploitation with the additional jolt of having metabolized 20 years of crime films and rap videos, constantly placing you as a secret observer in a culture simultaneously of everyday detail and almost apocalyptic weirdness. This thing will zip from an empty project concrete basketball court on a freezing morning to a plantation-like mansion under assault by an acrobatic female assassin that looks like Tina Turner in THUNDERDOME crossed with a luchador. Visually this is literally slathered in blackness, teasing information out of ultra-dark environments lit by infrared or bursts of gunfire. Strange and powerful.
★★★★½ convinced the 16% rotten tomatoes was racially charged
★★★★½ Saw this on 35mm for the first time tonight and it was even more of a thunderclap sensory explosion than I’d expected. Gorgeous, proud, brilliantly lit and staged, sometimes incoherent, funny, tragic, genuinely apocalyptic and end-of-the-millennium poetic. As bad as Nas is, DMX is that good. And the soundtrack is unusually smart—intermingling boom bap with dancehall, Southern rap with jazz and cleverly leaning on a capella renditions of R&B songs for a wildly operatic effect during Hype Williams’ orgy-of-light slow motion set pieces. Who wants to raise some money for Hype’s long-awaited follow up?
★★★★ Had a little trouble following the plot at first, then realized it's more about vibe.
★★★★★ Looking at reviews of Belly from the time of its release irritates me to no end - constant talk over the films supposed ""style over substance,"" complaints about a thin plot (bizarre even moreso in retrospect, because it's actually rather intricate), & I suppose I could at least partially forgive the former given that this movie completely defined the look of hip-hop in the 2000s - something of course spearheaded by Hype Williams himself and still imitated to this day. Of course, the initial response is almost certainly related to the relentless pile-on critics would lump on young, ambitious and even innovative black directors in the 1990s (see also: nearly every film John Singleton made after Boyz N The Hood) but…
★★★★★ 95
Total masterpiece. All there is to it. Hype Williams, please make another film, for our sake.
My pick for the week over at AnotherLook with Will and Corey: anchor.fm/willandcorey/episodes/Belly-e1vsekd"
Afterlife of the Party (2021),what is reality?; Netflix Exclusive Films!; 2021,Moving relationship stories; Heartfelt and sentimental family stories; Emotional and heartfelt family dramas; Quirky and endearing relationships; Powerful stories of heartbreak and suffering; Emotional teen coming-of-age stories,A social butterfly who dies during her birthday week is given a second chance to right her wrongs on Earth.,,1.95,"★★★ I thought I was watching it ironically but then I started crying
I think we ALL like to party...
★★★ The fact that this film was labelled as “comedy” but the main character is dead, kind of twisted from Netflix's part. Otherwise, this is essentially a one hour and forty minutes long episode of The Good Place.
★★½ letterboxd community needs to stop dragging fun movies with females leading. not everything has to be the godfather.
½ there are hundreds and hundreds of incredible films in my watchlist that i’m yet to see, but i choose to watch shit like this 😀
★★★ iDie with Victorious
½ this bitch parties all the time and then dies hitting her head on the toliet ???? so lame
★ This is the worst episode of the good place
★½ Did anybody else fuck with Eye Candy ? The Victoria Justice serial killer thriller? on MTV? Based on the novel by R.L. Stine? That was unfortunately canceled after only one season? Anyone? No? I guess I'm the only one. I fucked with Eye Candy pretty hard. It was a fun little show. Victoria Justice deserves another Eye Candy 😔 not this shitty millennial version of It's A Wonderful Life .
👩🏻📸🤳🏻🍸🍾😇
Kinda crazy how Addison Rae got a Netflix movie before Victoria Justice
★★★½ This damn movie has no right to be as good as it is. In fact, I'd written it off as an annoying movie about an annoying character that was desperately unfunny within the first half hour. But the damn movie just... gets good. It takes that annoying character and introduces characters we do like and then has the audacity - the sheer audacity - to start making us like the lead too. I'm annoyed. And annoyed that I'm so annoyed because every movie has the right to be good.
Afterlife of the Party is about a vacuous, self-centered party girl who dies stupidly and winds up in one of those Hollywood afterlives where she has to straighten up the lives…
★ there’s literally ZERO poor people in this movie. Amazing."
GWAR - Scumdogs XXX Live! The 30th Anniversary Reunion Show (2020),Things That Piqued My Interest & Tickled My Fancy; Not movies,,"GWAR, the greatest live band In the universe unleashed Scumdogs XXX Live! The 30th Anniversary reunion show of the shock rock classic Scumdogs of the Universe!",,4.64,"★★★★★ Infinity stars! GWAR shows are great! I’ve been to a few back in the day, I’ve even partied with Dave when the Dave Brockie Experience came around. Now you can say GWAR is not the same without him, true, but the music is great and the remaining members do a great job keeping the band going through all the shit. Hail GWAR! 🤘🏻🤘🏻🤘🏻🤘🏻🤘🏻
★★★★★ HERE'S A LITTLE SOMETHIN FROM A GOD TO A SLAVE I NEVER SHOULDA BEEN LET OUT THE FUCKIN MICROWAVE I'M ON THIS PLANET, I'M RUNNIN AMOK I SHOULD GIVE A SHIT, BUT I DON'T GIVE A FUCK
★★★★★ balsac is literally the love of my life what are you talking about
★★★★ This was fun to watch, nostalgic to hear these songs brought back to life, and while Blothar (Bishop) beings a meaner and darker tone to these songs and honors them well, a humongous Oderus Urangus (Brackie, RIP) is missing, and his more flamboyant delivery brought more ridiculousness and charm to songs with lyrics such as on The Salamanizer: ""You humans always screaming As you suckle on my semen And the shit is always steaming..."" Only GWAR...
★★★★★ i loved when we waited for 30 minutes on the livestream with a “please standby” screen
★★★★★ this brings me indescribable joy and i can’t wait for the live viewing in november
Is GWAR the best band?
★★★½ I watched for the return of the Sexecutioner, Sleazy, and Slymenstra and I was not disappointed."
Arde Madrid (2018),🍽; You can finish these shows in less than 6 hours,,"Madrid, 1961. Ana Mari is single, lame, Francoist and instructor of the Sección Femenina. By order of the dictator Franco, she must go to work as a maid to Ava Gardner's house and spy on her, pretending to be married to Manolo, a hustler who will become the driver of the American actress.",,3.9,"★★★★½ - las mujeres debemos reservarnos, es una cuestión de decencia - ¿y la señora? - la señora es extranjera - ¿y qué pasa? ¿que dios no está en el extranjero? - dios sí, pero franco no
sobre pureza e indecencia, sobre franco y perón y sobre todo de represión
★★★★ Ocho episodios de pura gozadera. Nostálgica, divertida y cínica. Eso y más es este retrato de Paco León hacía una figura tan grande de Hollywood -Ava Gardner- y su paso en Madrid. El arte es maravilloso desde las cortinillas, e Inma Cuesta, León, Anna Castillo y Debi Mazar están estupendos. Resulta entrañable y vigente que un relato de época como este, explore temas femeninos que hoy en día se siguen cuestionando, como el despertar sexual, la libertad y el poder de decisión sobre el cuerpo de cada quien. Muy fan de León como director.
""Si no hay hombre no hay pecado""
a veces todo lo que una chica (yo) necesitaría es que ava gardner la invitara a una fiesta
★★★★½ ""no hay lugar con el cielo tan jodidamente bonito como madrid""
poorly aged, la verdad.
★★★★ Después del 2020, daría el reino de España por una fiesta en la casa de Ava....
★★★½ peron maricon
★★½ No se porqué la he vuelto a ver...pero no, no me dice nada del otro mundo.
★★★ Está bastante entretenida aunque sinceramente esperaba más.
★★★★★ THAT WAS A CULTURAL RESET
★★★★ Sigo en racha con el bellísimo y colorista blanco y negro (para colmo reviví la imponente, imprescindible, 'La cinta blanca' hace unas horas). Tenía guardada esta serie hace años y la he disfrutado tanto como esperaba. Me atrapa como retrato de una época tétrica de España, como parodia cinéfila, como cortante crítica social y política, como comedia sórdida. Quizás la trama, el McGuffin, del collar me sabe a poco pero los personajes, los actores, el retrato, el ritmo me gustan tanto que me da igual. Paco León me parece un artista a seguir más allá de su oficio como actor. Anna Castillo me enternece siempre. Un aplauso cojo, sordo y loco desde mi sofá.
★★★★ Ava Gardner, Lola Flores, la División Femenina, Isabelita Perón, Carmen Sevilla, Franco, churros y una cabra."
To Kill a Man (2014),Anxiety-Inducing Cinema; Under 100 Minutes; movies under 85 minutes for when you have a life outside of letterboxd but still want to watch something; Film Poster Déjà Vu; ✈️Best International Feature Film (Best Foreign Language Film) Academy Awards Submissions (1947 – 2025); (almost) every title from worldscinema.org; World Cinema - The Ultimate Collection,,"Jorge is a peaceful hard-working man who seeks a simple, quiet life for himself and his family. One day, he is mugged and humiliated by a gang of thugs led by Kalule, a delinquent from his neighborhood. This event infuriates his son as much for Jorge’s meek acceptance as for the act itself. The son, looking for retribution, ends up getting himself shot. Kalule is sent to jail and when he gets out 18 months later, begins a campaign of terror against Jorge and his family. The authorities do nothing, so Jorge decides to take matters into his own hands.",,3.75,"★★★★ pacos culiaos no hacen ni una hueá
★★★½ La venganza nunca es buena Mata el alma Y la envenena
7 escopetas de 10
★★★★ The score creeps up on you, getting louder, turned up and up, to 11, it feels like someone stepping on your head. Perfect way to describe how a hardworking man feels when on his way home after work some lowlife motherfuckers start harassing him. First there are insults, then it gets physical, now it extends to his family. Slow burn revenge film from Chile is a great portrait of a good man driven to violence. The best thing is how it shows that revenge even when justified, poisons the soul of good people.
★★★★½ A malos hombres no le pesa matar buenos hombres, pero a los buenos hombres, la culpa los mata.
★★★½ The World is More Than Enough 11: Crime Travelling
2/30 - Chile
To Kill a Man is a reminder, not that you should need any, that no matter where you are in the world the police are fucking useless and should be defunded.
This family report crimes against them again and again to absolutely no avail, leaving themselves in an almost impossible position. Alejandro Fernández Almendras doesn't delve too much into the law - in fact, he doesn't delve into anything too deeply here. However the surface story is familiar as is the situation this family finds themselves in.
It was slightly frustrating that Almendras doesn't look more deeply into things, such as this family, but in that regard it's…
★★★ ""I'll fuck you and your entire family.""
One of my favorite recent cinematic trends is the rise of stripped down and ""realistic"" revenge drama. I assume this is a direct reaction to the success of Taken and the seemingly infinite amount of clones that have propagated in its wake. Deconstructions are great, and although the revenge deconstruction category is getting a little crowded I can still get down with it.
The most common descriptor of To Kill A Man I've seen is ""slow burn"" and it is entirely accurate. From the pacing to the score to the cinematography, everything combines to build in tension until the whole thing snaps. It isn't a steady journey there, but thanks to some truly tense scenes it is worth it in the end.
★★★★ Cuando salia Antivilo mis nervios explotaban.
★★★ good, i guess? another self-consciously restrained, formally placid, thematically unadventurous crime/revenge drama. i've seen five of these since September '13.
★★★½ An attack on his daughter leads a mild-mannered family man (Daniel Candia) to take revenge on the vicious street thugs who have tormented him and his family for a long time.
Well done, unique Spanish language film.
★★★★ puta k es wena la fotografía
★★★★ March Around the World 2026 - 34th Stop - Chile🇨🇱
Daniel Candia is excellent as a hard-working family man pushed over the edge in this gritty, stripped-down, tightly scripted, slow burn revenge thriller from Alejandro Fernández Almendras. Very well done.
We first meet Jorge (Candida) walking home through his low-income housing estate where he is accosted by local thug Kalule (Daniel Antivilo) and his gang. Jorge meekly submits and makes it home, where his teen son Jorgito (Ariel Mateluna) is enraged to hear what happened. Confronting Kalule, Jorgito is shot and grievously injured. Kalule gets a short sentence and, upon his release, begins a terror campaign against the family. Getting no help from the authorities, Jorge sees no choice but…
★★★★ 80/100
Posiblemente, de los ""basado en hechos reales"" que mas quedé pal' hoyo. Ya es Septiembre y mi cuerpo lo sabe.
VIVA SHILE MIERDA!!!!!!!!!"
Apricots (1996),Precious Gems,,"""Apricots"" (Aprikoser) is an animated children film about a boy that spends the day at the seaside with his uncle. During the adventurous games he learns the power of nature.",,2.75,"★★★★ Mysig gosig härlig. Lite annat i mitten. Go musik och gull röst. Fin att se på.
Såg på filmarkivet
★½ animation pour traumatiser des gosses ça"
One Summer's Day (2020),sapphic films directed by women; Sapphics in Coming-of-Age Films; 🍽; Sapphic Short Films; The entire gl,,"Every summer, Hsuan, Yei, and Chi jump into the pool together. Yei is always faster than Hsuan, but Hsuan doesn't care about winning or losing. All she wants is to stay with Chi, slowly, naturally, till they reach Taipei.",,3.45,"★★★★½ ""I loved you first.""
Having someone whom you genuinely enjoy being with is one of the greatest things in life. The way you just enjoy the world you share with her. You avoid and hate the things that might break you apart. Not passing the SAT while she did? Retake it and study even harder so that you'll get higher grades and don't miss the chance of going to Taipei with her. A boy giving her rides home? Give her the cold shoulder, ruin your shared happy place, and then confront her. But of course, in the end, you know you'll stay together no matter what happens.
★ honestly im not sure if i was just trying too hard to find meaning or if the movie just wasn’t going anywhere
★★★★½ Let your gentle heart go as slow as you wished (it's okay to cry now).
★★★½ the metaphor of unrequited love feeling like drowning wow
★★★½ “I loved you first”
ser lésbica não é fácil não ta doido
Wish this was a feature film, it had a nice little atmosphere.
really cool visuals & good story. i kinda need it to be a feature film
★★★ o tal do amor não correspondido.
★★½ Não achei que iria mencionar a Ethel Cain nesse GL e, por causa de uma frase desse curta, eu irei!!! Ethel Cain, na música Janie , fala sobre amizade e perda, e me fez lembrar a cena que a Hsuan fala:
“Eu te amei primeiro” 💔
Parte da música que me lembrou.
“I know she's your girl now But she was my girl first She was my girl first”
O mais puro amor é aquele construído com a convivência e com a parceria, e a relação da Hsuan com a Chi vem de uma amizade muito linda. O carinho em brincadeiras simples e o amor silencioso é quase imperceptível se você não soubesse que é um ""romance"". A história é curtinha e, com seus 20min, faz acreditar que vai ser algo lindinho de ver, e deixo aqui a minha frustração com o final que foi, tudo que as protagonistas poderiam ter sido.
★★★★½ i loved you first!
unrequited sapphic love begins to feel like drowning why must it be so hard to be loved by those we want
★★★★ i loved you first. ahh this reminded me of soul mate . codependent highschool friendships full of jealousy. feelings of betrayal - ‘when you arrive in taipei and you adore someone you have to tell me ’. i truly believe that it wasn’t about the boy himself. rather they wanted to be connected in every aspect of the others life.
★★★½ esse curta só me corrói por dentro porque eu me identifico com a hsuan"
Lali (2026),Berlinale Programme 2026; Berlinale 2026,,"Bound by love and haunted by fate, Zeba and Sajawal spiral through feelings of desire, superstition and fear in Lali, a darkly comic tale where the living share a restless world with the ghosts.",,3.22,"★★★½ Bodycount 😳 or bodycount 💀
One thing Lali really gets right is the humour embedded in our culture and people. From sweet mothers who can overstep boundaries to the loveable quartet of noisy and nosy neighbours, everyone gets to flex their comedic chops. Sarmad and Sundus also make the interesting choice of exploring grief through a supernatural lens - a novel concept I found to be thought provoking - although it did take my European friends a little out of it but that’s fine, they were still entertained. If you want an honest portrayal of how life is in the subcontinent - warts and all - look no further than Lali.
P. S. I’m no doctor but I don’t think you can cure a scorpion sting by pissing on it tf are you talking about 😭
What a strange movie. Somewhere between incredibly ugly and breathtakingly beautiful, and mostly unlike anything I’ve ever seen. It’s clear that whoever made it is probably very afraid of commitment.
Glad I watched this thing though
★★ Unfortunately just really did not fuck with the last third at all
★★ Morsch konstruiert, mäandernd, peinlich Genre-scheu und dann auf der Tonspur einfach nur Verarsche: bitte fühl dich unwohl, hör mal hin – hier knarzt's ein bisschen & schief ist's auch! Visuell auch unstet. Immerhin: eins der bekloppteren Enden des Festivals. Rot, rot, rot tropfen all eure misogynen Fickteufel.
★★½ very lovely marriage story
★★★½ Berlinale Film-#1 Lali Q&A, with the director, Sarmad Sultan Khoosat, the writer and cast members.
There’s quite a bit to unpack with Lali that does invite discussion or even a revisit. As my entry point to my Berlin film festival, it was a welcomed, exhilarating and bold, often overly ambitious swing that, for a solid two-thirds, was astute filmmaking at its subtle and intriguing best. And for all of these reasons, it came as such a surprise to an audience that welcomed a very different Berlinale experience- one defying genre conventions, and challenging expectations.
The plot is… difficult to pin down. And honestly? Better that way. Going in blind elevated the experience; this occasionally muddled genre-bending narrative might be better…
★★★★½ Lali is a boiling movie and it keeps you captivated. With a lot of charm, wit and quite genius dark comedy at first, Lali drifts through love, fear, superstition and intriguing community dynamics. The cinematography is gorgeous, the acting superb and the editing feels very original and inspired. Through its five acts it spins some sort of gruesome poetry that somehow in hindsight feels like a modern tale. The beat it takes in the last act is one of the things I celebrate but also which weakens the movie the most. I think what I appreciate the most is how the dynamics and power shifts happen so subtle and slow but constant. It keeps you wondering if it’s about to go sideways just to find out it is already of the rails.
Rooting for Sohni Ammi and the boyband next door
★★★★ Fucked with this hard and could smell the white people‘s confusion in the entire cinema heheheheh
★★★ Zeba, a woman under a curse (maybe) who’s lost several fiancées marries Sajawal, a man with a birthmark over his face and a foul disposition: it’s a wedding and early-marriage fable, presented in a modern guise. It shifts ably between genres — there’s comedy, and thriller, and domestic drama, and outright horror at various points — as the characters are all haunted by their pasts. The groom is haunted by his birthmark and fragile masculinity; the bride by death; the sister-in-law by drugs and childhood resentments; and the real key figure, Farazeh Syed’s Sohni Ammi, the mother-in-law who has made herself the center of the community seemingly by force of will, by a marriage she didn’t want to a man…
★★★★ after the third men died from a scorpion sting she should have taken the hint. She truly was protected, not cursed; maybe even blessed, chosen to roam the earth as a modern-day sage, saint of brides and mothers, possibly
While it presents itself kind of a horror movie, at least from my outsider perspective in regards to Pacistan culture, it feels like the horror comes from fear of tradition and the resulting pressure. Speaking of outsider perspective, the plot and motivation wasn't easy to follow, because the film is quite overwhelming with his layered depiction of its culture. Towards the end it becomes quite messy, but stays fascinating in its execution."
Sliver (1993),"Psychosexual dramas, nihilistic fever dreams & surrealism with a touch of humour; Neo-noir; Letterboxd Four Favorites Interviews; You Want It Darker; a History of Sex in Cinema; All films set in New York City; towards a canon of interesting, and important, sex scenes; Undervalued Horror Gems; Detectives, Private Eyes, Mystery, Mysteries, Film Noir, Neo Noir, Thrillers, Erotic Thrillers, Conspiracies, Cat and Mouse, Chasing, Crush, Obsession, Stalking, Escaping, Whodunit, Investigations; 20 underseen erotic thrillers; The Fuck Noir; New York",Drama; Thriller; Thrillers and murder mysteries; Suspenseful crime thrillers; Intriguing and suspenseful murder mysteries; Twisted dark psychological thriller; Erotic relationships and desire; Noir and dark crime dramas,"A woman moves into a Manhattan apartment, where she learns that the previous tenant's life ended under mysterious circumstances.","Carly Norris, a beautiful book editor and divorcee in her mid-30s, moves into the exclusive New York City sliver building ""113"". She meets other tenants including Zeke Hawkins, a video game designer ; Jack Landsford, a novelist ; Vida Warren, a fashion model who moonlights as a call girl ; and Gus Hale, a professor of videography at New York University . They tell Carly that she bears a striking resemblance to Naomi Singer, the previous tenant of her apartment who fell to her death from her balcony.

After running into Zeke numerous times, Carly invites him to her housewarming party . Soon afterwards, they begin a sexual relationship. Meanwhile, Jack starts stalking Carly and warning her about Zeke, who he says is ""sick"". He also points out that Zeke's deceased mother, a soap opera actress named Thea Manning, bears a resemblance to Carly. As Jack's behavior becomes more erratic, Gus dies in the shower under suspicious circumstances and Vida is murdered, with police suspicion falling on Jack for her death after Carly discovers him in the stairwell with her corpse.

Zeke reveals to Carly that he is the owner of 113, which he bought with his inheritance from his wealthy father. As owner of 113, Zeke has installed a comprehensive video surveillance system throughout the building, allowing him to spy on all of the tenants from his own secret surveillance room. Through deduction and eventually one of Zeke's secret recordings, Carly learns that Jack killed Naomi in a crime of passion.

Jack was jealous of Zeke, who had sexual relations with both Naomi and Vida. Jack attacks Carly in her own apartment and she accidentally shoots him dead. Angry at Zeke for withholding evidence in Naomi's murder and jealous of his liaisons with Naomi and Vida, Carly destroys Zeke's surveillance room, tells him to ""get a life"", then leaves.",2.12,"★★ never ever wanna hear william baldwin say panties ever again never ever wanna see william baldwin do simulated s*x ever again
★★½ i wish just once during this movie she'd gone to a pearl jam concert
★½ entire movie:
Man: *does something untoward and aggressive* Sharon Stone: *smirks and is charmed*
we should get back to emailing each other pictures random of flowers though
★★★★ After watching this movie several things came (no pun intended) to my mind:
1) Fifty Shades of Grey should have been released in the 1990s, especially during the erotic thriller craze; it would have still been rubbish, but we would have gotten what we were promised.
2) The more I think about it, the more it appears that this is what Fifty Shades of Grey was going for over its whole trilogy.
3) Only in the 90s will a second-tier Baldwin confess that he is spying on and filming you, and you will still have feelings for him. Nothing beats 90s horniness, ladies and gentlemen.
4) Sharon Stone is the queen of 90s erotic thrillers.
5) If someone tells you…
★★★ What an ending 🙏 When Stone said that line… pure bliss, a masterpiece.
This... this is pure 90s erotic thriller energy, and not just because of Stone, but because it’s so unapologetically.... dumb, yet you can’t help but crack a slight, almost knowing smile at how the film, with its softcore gloss, tries to sell itself through its own manufactured sense of mystery.
Sex and violence sell, right. And the film’s god complex, driven by its ever-watching eye, attempts to tap into a kind of self-irony, what happens when fantasies become reality, and how, in the end, they numb the face into a state of emotional emptiness and detachment.
Noyce’s thriller isn’t really a masterpiece (Sorry I lied before 😔).…
★★ Moral of the story: Never trust a landlord.
★ William Baldwin is a horrible actor & Sharon Stone is too good for this.
★½ “can we get de palma?” “we have de palma at home” the de palma at home: sliver
★★ When Carly said get a life at the end of the film it felt like she was talking to me for having sat through it.
★★ Discussed on Episode 3 of The Suspense is Killing Us .
Allegedly Robert Evans loved Joe Eszterhas' script for this so much he sent the writer a congratulatory note, um, inside a young lady. Eszterhas later recalled in his autobiography: ""The note smelled fantastic.""
★★ Billy Baldwin seducing Sharon Stone in his apartment with a visible 90s-era X-Factor poster is extremely funny
★★ On a scale of sex appeal, I identify as the hairy old neighbour doing jumping-jacks.
Naked old dead man in shower came close."
Ariel (1988),"1001 Movies You Must See Before You Die; Psychosexual dramas, nihilistic fever dreams & surrealism with a touch of humour; Good Films, 90 Minutes or Less; Under 100 Minutes; movies under 85 minutes for when you have a life outside of letterboxd but still want to watch something; Solidarity Cinema Archive; The Ultimate I can't pick a movie list; 1001 Movies You Must See Before You Die (Latest Edition); Top 5,000 Films of All Time (Calculated); Romance; All movies rated 3.8 stars or higher (with at least 10,000 ratings); 1001+ Movies; Every Film Available on The Criterion Channel; Martin Scorsese's Favorite Films; The Criterion Channel: Every Film Currently Streaming on the Service; High Priority; Auteur Trilogies; (almost) every title from worldscinema.org; The Uncomfortable Truth: The History of Black Comedy; Top 250 Films of the 1980s; Top 250 Romantic Comedy Films; Films that Influenced Elliot Tuttle’s ‘Blue Film’; Top 50 Finnish Films; Criterion Channel",,A Finnish man goes to the city to find a job after the mine where he worked is closed and his father commits suicide.,,4.2,"Is there a Finnish word for humor that is hilarious but doesn't make one laugh out loud?
★★★★½ The moment that, mortally wounded, Mikkonen (Matti Pellonpää) presses the button to have the soft top of the car's roof unfurl is everything you need to know about Kaurismäki's genius as a filmmaker, comic and humanist.
★★★★★ god i really loved this, immediately and fully. a brisk 75 minute story of a lifetime without a single wasted moment or gesture, a melancholy humor (Herzog-ish, if he wasn't so mean/absurd) and an undertone of hope that i can't quite put my finger on. this couldn't be any more my aesthetic taste either. so much grimy beauty in the most regular boring things. so quiet but always moving. the nearly deadpan acting makes each expression and touch vitally important. i can't think of anything like it, and it seems to exist in a style that nobody uses anymore. i once had a friend who didn't talk much, but would come out of nowhere with something incredibly insightful or witty when he did, as if he was allotted a certain number of words for a lifetime and had to make them all count. i imagine he'd like this.
some guys just can't catch a break.
★★★★ “Are you always so confident?” “No, this is the first time.”
★★★½ Kaurismaki’s version of the 5 second rule: even if you drop your whole life in the dirt, there’s still time to pick it up and do something with it.
Very obviously watched by Wes Anderson mere moments before deciding to make Bottle Rocket. Any more minimalist, and it would just be a still picture of a spiral staircase with a broken handrail.
★★★★ Written and directed by Finnish screenwriter and director Aki Kaurismäki, Ariel is an intentionally cold and distressingly disconcerting political film which accounts the story of rural Finnish ex-coal miner, Taisto Kasurinen. Turo Pajala portrays Kasurinen with a sorrowful temperament as the film follows him departing for the city to locate a new means of employment after the mine where he worked closes and his father commits suicide.
It exhibits multiple aspects of a road movie within its narrative arc, and it's overwhelming sinister and foreboding complexion is fortunately broken up with comedic facets which prevail in virtually every scene. It's an impressively told tale which is playful rather than destructive with its events as it flirts with the complete absence…
★★★★ This movie is proof that if life keeps punching you in the face, the only reasonable response is to steal a car, find love, and commit a few crimes along the way. It’s like a Finnish instruction manual for dealing with a bad day, except instead of ""step-by-step"" it’s just vibe through the misery.
Most heartbreaking use of a convertible roof I’ve ever seen
★★★★ ""Bury my heart at the dump""
Buenísima película, una historia muy original con personajes geniales.
""Ariel"" nos cuenta una historia (que encima es cortísima) que va de menos a más, arrancando lenta pero desarrollándose de una forma magnífica, mezclando géneros de muy buena manera y tomando rumbos que al menos yo no me esperaba.
Sinopsis: Un minero sin trabajo emprende vida criminal en Helsinki tras ser robado mientras busca empleo.
La historia es buenísima, muy llevadera de inicio a fin. La verdad que por como había arrancado pensé que me iba a gustar menos que la anterior que vi del director, pero su desarrollo fue tan bueno que me terminó encantando. La mezcla de géneros es genial: tenemos drama (también…
★★★★ Gracioso como a Taisto le costaba encontrar chamba, pero consiguió pareja en menos de 5min. Yo no puedo ni uno ni lo otro.
★★★★½ Every time I watch Aki Kaurismäki’s film, I discover something new. This time, I noticed something that seems deeply contradictory in the very nature of Kaurismäki’s work — cinema that, at the same time, invites you to pay closer attention while pushing them away with his trademark apathy and deadpan humor. His characters appear hard, untearful, and unself-pitying, their emotions hermetically sealed behind glacial walls of Finnish detachment. Yet behind the expressionless mask burn desire and pathos — the truly human stuff. It’s not about negation, though it may seem that way at first.
Everything Kaurismäki worked toward in his career up to Ariel comes to a glorious, brilliant bloom here. Composition, shot selection, framing, lighting — everything clicks into…
★★★★½ Aki Kaurismäki called this his career best, and I wholeheartedly agree.
Kaurismäki's trademark anti-capitalism and praise of humanity never feel so authentic as in the equally grim and hopeful world of Ariel, where a down-and-out man witnesses both the best and worst of humanity. It’s a great blend of dry humor, harsh realism, and modern fairy tale, elements that would go on to become recurring themes in Kaurismäki's later masterpieces.
Kaurismäki has proven himself to be a true romantic, always searching for connection and hope in a world that doesn’t always reward it. This film is probably his most overt celebration of that sentiment. After all is said and done, when Somewhere Over the Rainbow plays at the end, maybe we all could use a little good sentimentality. Highly recommended."
And Then Came Lola (2009),"Films Directed by Women; sapphic films directed by women; wlw; Time Travel, Time Loop, Time, Alter the Timeline; LGBTQI Gay - Lesbian Themed (Related) Movies; let's go lesbians let's go",Comedy; Romance; Drama,"A talented, but distracted photographer, Lola, on the verge of success in both love and work, could lose it all if she doesn't make it to a crucial meeting on time. But, as usual, Lola is late. With her job and girlfriend on the line, she has three chances to make it right. In a desperate race through the streets and back rooms of San Francisco, time grows short-will Lola make it? Will she come at all? With a pop sensibility that mixes live action, animation and still photography, And Then Came Lola explores love's age old question in a fresh new way, ""If you try, try again, will you finally get it right?"" (Written by M. Siler and E. Seidler)","Lola is a photographer, who is ready to take things to the next level with her new girlfriend, Casey. Lola sets out to run an errand for Casey, involving delivering some crucial prints for a business meeting with Danielle, who is also Casey's ex. Lola runs out the door, and what follows is a series of high-speed encounters and obstacles that threaten to keep her from her destination. These encounters run the gamut from the mundane to the unlikely, sometimes repeating themselves with different results, each presented using different cinematic techniques that control the mood and pace.",2.41,"★★★★★ 5 stars cause my school guidance counselor is the star dyke of this <3333
★★ It’s like high school all over again. I’ll watch anything with girls kissing.
Take a bunch of supermodel lesbians and cheaply homage Run Lola Run , which wasn't even that good to begin with, and burden it with relationship counselor sessions and vapid lessons about some cishet idea of queer monogamy, and just make it as petty bourgeois as possible, and here you are. This trash .
Pride month: 15/30 52 project: 52/52
★★ Why didn't she call a cab?
★★½ pretty bad movie objectively but like EVERY dam character in this is a lesbian like when have u ever ?!?!?!
★★ cute best part was all the background lesbians. love me a good lesbian only universe
★★★★ Why is everyone hating, it’s just a silly movie about a bunch of hot lesbians
★★ so repetitiveeeeee
but i don’t think i saw a single straight man in it though so that was nice!
★★½ Watching a girl running from one part of the town to another once was interesting, to say something. Watch the same thing all over again became a bit tiring, but watch it THREE TIMES IN HALF AN HOUR, dude, that's just painful. I feel like they could just make a short film out of this and it would have worked much better.
★½ at least she came
★★ Ummm okay, so I have alot of thoughts. The best thing about it is I think this is the MOST amount of queer casting given to queer actors to come out of 2009. For a year that was extremely unaccepting it's honestly pretty ballsy to do that, there aren't any straight actors or characters in the entire movieThe entire film is an Homage to Run, Lola, Run! A film that I have not seen but I can promise you that it is better than this. Other than some interesting Scott pilgrim esq gags + animation (I'm using this in the loosest terms) and the occasional joke that lands there really isn't much to take in here, the film frequently cuts…
★ Weird how so many lesbian movies make the protagonist super shitty and then expect you to like her by the end like???"
Former East/Former West (1994),"Solidarity Cinema Archive; UbuWeb MASTER LIST; Real Lives, Real Women: Documentaries About Women",,"Made up of hundreds of street interviews done in Berlin two years after the Reunification, Former East/Former West is a vital, surprisingly open, and at times disturbing documentary about what it means to be German at this particular moment in history.",,,"Fiebertraum
Shoutout to me for being the first one to review this. This is an interesting perspective on a historical event I don't know much about. How long will I be the most liked review? That's up for you to decide.
Reading the description, you pretty much know what you're getting here. There's some editing emphasis toward movement through the former Wall and on indicators of capitalism, but most of this is more about what's said than about formal flex. Certainly things are problematic, but context differences notwithstanding, is the 2024 United States really very different? Stuff still sounds so familiar today.
Freely available on e-flux during January."
Death App (2018),Found Footage,,Guilherme gathers his friends for a group video call. He has a proposal to make money on the internet. But the deal went down the drain when they realized the demon is using technology to act.,,2.0,"o estagiário da prime colocando no catálogo sem querer
½ a vdd sobre marketing digital
“isso é satanismo seu animal!”
½ Scorsese viu isso e falou “that is synema”
½ a diva sendo morta por um lençol (?) verde de flor 😭😭😭😭😭😭😭😭😭😭😭😭😭😭😭😭😭😭😭
★★★★½ Ainda estou aqui sonha em ser assim, o cinema nacional merece mais valor!
passei mal de tanto rir
½ A MORTE DA TIDINHA NAO TO BEM AKAKAKAAKKAKAKAKAKAKA
nossa mas eu ri tanto
★★★★★ QUE PORRA É ESSA? KKKKKKKKKKKKKKKKKKKKKLLJKKKKKKKKKKKKKKKKKKKKKKKKKKKKKKKKK
★ como eles terminam de editar isso e tiveram coragem de lançar eu não sei, mas é muito engraçado KKKKKKKK
½ nem o martin scorsese teria tanta genialidade
★★★★★ Guilherme é um brasileiro médio que foi iludido pelo marketing digital, colocou os amigos no meio disso e sofreu as consequências. Definitivamente é uma obra brasileira."
Mars' Stepson (1914),Every Animated Film Made from 1878 – present.; A Comprehensive Animation List; Great Big List of Classic Cartoons,,,,,
All That Punk (2023),The DEFINITIVE ‘Punk Rock’ (and Punk adjacent) Films List,,"By definition, punk is a subculture, alternative culture and youth culture based on the interaction of cultural elements different from the elements of popular culture and other sub-genres.It has its own distinctive music, ideology, dress code, visual identity, dance, literature and film. Punks are mostly young people with a different opinion, who in common have the spirit of anti-establishment and non-recognition of the canon. As a musical direction, it existed in full swing in the 70s and 80s of the last century, exerting an influence on the rock scene of that time. How did appear in ex-Yugoslavia? What were the ""hotspots""? Did he pose a danger to the state and socio-economic system of that time? Can one see punk as a way of life?",,2.0,"тел авив панк
“Najveća lepota panka je u tome što je, u stvari, bio bajka”
Sledeći cilj: da dokumentujem novije pank bendove u vidu kraćeg filma nalik ovom
Nedostaju neki ljudi, mnogo njih, ali kapiram da nije moguće sve okupiti, zato je i potrebno početi sa snimanjem materijala sada odmah
★★ Испричано милион пута"
Behind Walls (1999),👬 Size Isn’t Everything: A Vibrant Collection of LGBTQ+ Shorts From Around the World for Boys & Girls & Everyone in Between,,"A 16mm black & white film about Josie, a homegirl from the hood, who feels alienated ever since her brother Alex and ""papi chulo"" cousin Papo became lovers. As children, they made a promise to stay together. The promise read: ""Cousins Forever"". As adults, they share an apartment. The boys are unaware that Josie has drilled a hole on the wall. She feels that peeping is pathetic but it's the only way to feel included.",,,
The Kidnapping of Arabella (2025),Watchlist This! Our picks of the best new under-the-radar films,,"Holly spends days at her dead-end job fantasizing about holes in the space-time continuum and wondering where her life went wrong. When she meets Arabella, an eight-year-old rebel hoping to run away from her self-absorbed author father, Holly becomes convinced their meeting is a cosmic sign, and that Arabella is, in fact, her past self sent back for a second chance. The two embark on an unconventional road trip between two lost souls who might be exactly what the other needs.",,3.0,"★★★ Carolina Cavalli’s “The Kidnapping of Arabella” opens with one of the single most surprising things I’ve seen and/or heard in a movie this year: Chris Pine, swagged out in a skin-tight suit that makes him look like a yassified Nick Cave, seething with jealousy over Jonathan Franzen in seemingly perfect Italian.
As I understand it, the Los Angeles-born actor began studying the language because he wanted to be cast in an Italian film, as opposed to being cast in an Italian film that required him to study the language. Mission accomplished!
Better yet, the unexpected nature of Pine’s casting performs a crucial service for the eccentric and playfully contrived road trip misadventure in which he’s been cast: Once you accept…
½ Il rapimento è stato il mio per un'ora e 37
★★★ “Evviva👏🏻👏🏻👏🏻👏🏻che bello👏🏻👏🏻evviva👏🏻👏🏻👏🏻👏🏻”
★★★★ i trampolini da tuffi son stati inventati per permettere a carolina cavalli di poterci far sdraiare le sue protagoniste
★★★★ What if Roy Andersson made “Thelma & Louise”?
★★ chiamare un bambino topper è un altro tipo di devianza mentale (a meno che a sceglierlo non sia stato bruno barbieri)
★★★½ god forbid a girl goes a little insane
★★★ Zerocalcare stava seduto giusto di fronte a me e mi ha pure dato una gomitata sulla gamba
★★½ mai un nome normale in sti film, un andrea un marco, lucia, maria. No GRANITINA e TOPPER
★★★½ VENEZIA 82 #6

Come interpretare il cinema di Carolina Cavalli? Di certo, con la sua opera prima “Amanda”, aveva saputo raccontare con un certo piglio e originalità il disagio giovanile attraverso il racconto di una (semi)amicizia tra due giovani ragazze. Anche la sua opera seconda parte da un legame occasionale che muta diventando conflittuale e poi del tutto indefinito e indecifrabile. Le due protagoniste, Holly e Arabella, hanno bisogno l’una dell’altra per raggiungere i propri bisogni comuni, ossia la fuga. Una dal padre severo e incompetente e l’altra da un’esistenza misera. Ambientato in un luogo e in un’epoca imprecisati questo film mette in scena rapporti ed emozioni quasi indecifrabili, incerti e minimali, come se fossimo di fronte a una versione…
★★★★½ Se non ti ha gasato forse non possiamo essere amici
★★½ “They appeared out of nowhere just to give me a hard time.”
2026 Watch Series: Around the World in 365 Days: Entry 403 (Italy 🇮🇹 Film #24)
The film Il Rapimento di Arabella / The Kidnapping of Arabella is set in northern Italy where imagination and perceived existence clash with one’s hopes and dreams coming into conflict as Holly (Benedetta) and Arabella ( Lucrezia Guglielmino ) go on a Paper Moon style road trip that ultimately proves itself unsustainable because neither adventurer can accept the reality that they are each telling lies to one another. The film's metaphors, which comes across in the finale, tie up nicely with a strong analogy: I don’t think any one of us wants our blind date to…"
Perfect Creature (2006),Random Movie Roulette; All-nighter watchlist; 💩 The Crappy Guide to “So Bad It’s Good” Flicks 💩; Every time I take a shit I'll add a random movie to this list; All the films mentioned in Kim Newman's Nightmare Movies,"Fantasy; Drama; Action; Horror; Science Fiction; Thrillers and murder mysteries; Bloody vampire horror; Creepy, chilling, and terrifying horror; Thought-provoking sci-fi action and future technology; Intriguing and suspenseful murder mysteries; Suspenseful crime thrillers","The vampire myth is given a stylish 1960s treatment, where a human cop partners with a vampire cop to stop a vamp bent on creating a war between the two ""separate but equal"" races.","In a world where males born as vampires join the Brotherhood and drink donated blood from human churchgoers, rather than being killed at birth as in the past, a pregnant woman gives birth to a vampire. A teenaged Brother, Silus, is told that he and this child, Edgar, are from the same mother. The mother, who is in visible distress, reaches for Silus across the room.

A hundred years later, the Jamestown slum sees a series of attacks on women, all found with their throats bitten. Lilly Squires leads the human police in investigations. She comes from a workhouse in Jamestown and is one of the few cops who care about the slum residents. A boy who witnessed an attack tells her a Brother was responsible. To avoid public panic, the police claims the deaths result from an outbreak of influenza, which is seen as one of the evils that came from genetic research.

Church cardinals ask Silus to work with the human police. The Brothers know the attacks were carried out by a Brother: Silus's brother, Edgar. Edgar sends Silus a recording of his last murder, challenging Silus to stop him before he kills again. Edgar includes the location of his next planned murder. With Silus's help, Lilly puts together a task force to stake out the area. Edgar attacks Lilly and bites her before fleeing. To save Lilly, Silus tells her to drink his blood. When he visits her in hospital, it is revealed that she lost her family to influenza. Lilly has visions from drinking Silus's blood. The newspapers publish a false story of the death of the killer.

Edgar is restrained in a spiked brace in the church basement. Silus, who is soon to join the ""inner circle"", is told what happened to Edgar. The cardinals, worried that no Brothers have been born in 70 years and no female vampire has been born ever, conduct genetic research, which they publicly ban. Edgar has been developing a virus to make pregnant women give birth to vampires. The virus mutated and turned the women into violent psychopaths. Ten of his research subjects are dead, and the last one is dying. Edgar is also infected and insane, although the virus is taking effect more slowly due to his immune system. He vows to kill Lilly and accuses Silus of being in love with her, as Brothers are forbidden to love.

While Silus is at the church for his investiture as a cardinal, Edgar escapes to Jamestown. He installs a tap and tube system into his forearm to control the flow of his blood. At Lilly's apartment, Silus and her colleague Jones guard her. Silus imagines kissing her as she sleeps. Edgar bursts through a window and knocks out Silus long enough to take Lilly. Meanwhile, the government institutes a quarantine after the virus spreads throughout Jamestown, and humans riot outside the churches.

Silus finds Edgar tainting Jamestown's water source with his blood. However, each suburb has its own water supply. Another cardinal tells Silus that Jamestown will be burned to the ground to destroy the virus and Edgar. He warns Silus his career will be doomed if he ignores the ""greater good"" and breaches quarantine to save Lilly. Silus breaks into Jamestown anyway. Lilly, handcuffed in the basement of the aquifer, tries to persuade Edgar to stop. He challenges her about her dead child and says her race is good at abandoning children. He finds Silus, and they fight. After injuring Silus, Edgar threatens to disfigure him. Lilly sneaks up behind Edgar and kills him.

Silus kisses Lilly and tells her to look after what she finds in a building and to keep it away from the Brotherhood. Inside the building, Lilly finds another Brother, a dead woman, and a baby. The Brother says that the infant is the first female vampire ever born, created by the virus: the first Perfect Creature. Although Silus is branded a heretic and remains in hiding, he watches over Lilly as she takes care of the baby.",2.79,"★★★ Hey did you know that What We Do in the Shadows isn’t the only vampire film Aotearoa/New Zealand has to offer? Cause somehow, despite being a kiwi vampire lover, I’d never heard of this film till this week when Daniel suggested I find a vampire film for us to both review. I entered this with fairly low expectations (and missing my usual red wine I tend to pair with vampire films, which was a shame, though I did have a small Jäger to make up for it), having zero prior knowledge beyond a cursory glance at the letterboxd page for this film and recognising Robbie (of Wentworth and Shortie fame) from the cast list.
Okay so to start off, I…
★★½ Take a genetic disorder that creates vampires that get adopted into a secret brotherhood who swear never to  hurt humans
Mix in a steampunk inspired dystopian world
Drizzle in a surprise vampire who says fuck that Humans are back on the menu boys!
And you the New Zealand action horror film Perfect creatures.
As you know I made a pact with user Brie (surprise surprise it’s about vampires) to watch the modern slasher thanksgiving (which was sooo good) and in turn she got to choose what film I have to watch and rate. She chose this film which I had never seen. I watched the trailer and instantly was excited to see what this was all about. Long story long,…
★★½ Paints a pleasingly Gothic tone, yet manages to feel more like a TV pilot with open-ended storylines rather than a well rounded movie.
★★★ Fun little cheap steampunk/vampire mashup. The sum is better than its budget. If only more movies could say the same!
★★ April Fool… of fear: Daily Horror Hunt #22- April Horror14. Watch a horror with the word Creature in the title This immediately brought to my mind the tv series ' Sanctuary ' (which I liked way back when). This, as a feature film, not so much... If it was actually the pilot for a series, I'd probably keep watching just to see where it went. There's enough unanswered plot threads to do it and possibly make it interesting for 1 season.
★★★ bite me silus idc just bite me🫦
★★½ This flick looks like a pilot to a TV series. It's more action than horror, like Underworld. It happens in the future, but the future in the movie seems old. There's blood, but not much. An average movie.
★★★ Honestly.... kind of alright. Like the sort of ""alright"" i kinda want more of. Don't get me wrong, this is a very mid tier movie BUT i really like the vibe it was going for, and despite feeling quite incomplete and a little rushed, I kinda felt like enough effort was put in to make it quite charming. You can see this working ya know? There IS something here and it's sort of a shame it doesn't quite figure itself out by the end. It does REALLY feel like a show pilot which doesnt bother me really but does make me wish this had more to offer.
★★½ An Underworld rip-off that sets itself in some vague time in the past in an attempt to be less obvious that it’s a rip-off. It was so bland that I couldn’t even dislike it. It was just something that was in the room at the same time I was.
★★½ Kiwi Kult: Volume 1 — In the Dark
This vampire flick from New Zealand attempts to do something different with the lore, and it's mildly successful in that aspect, but ultimately, it plays like a failed TV pilot. Much of that can be attributed to less-than-stellar direction and heavily dated CGI effects. But a comatose lead performance from Dougray Scott doesn't help much. There are minor pleasures to be taken here, but unless you're diehard for vampires, I wouldn't go out of my way.
• So You Think You Know Horror? — Every Horror and Horror-Adjacent Film I’ve Seen
• Size Matters! — My Movie Collection (or, I’ll Show You Mine If You Show Me Yours…)
★★★★½ why is this movie not a cult classic?!
★★½ Doesn’t do much wrong other than not being very interesting, which is disappointing because the world and lore is different from anything I’ve seen so far. Just couldn’t get invested."
Spooky Bats and Scaredy Cats (2009),🎨✨ Stop-Motion; Films that Celebrate the Holiday of Halloween,,"When Katie and Makean delay their trick or treating to deliver the Candleman's Halloween Party invitations, they find themselves caught up in a spooky adventure filled with macabre monsters.",,3.91,"★★★★ Under the radar Halloween special about a couple of trick-or-treaters who learn to have courage when tasked with delivering invitations to local monsters. The story is pretty slight and there's a ridiculous knockoff Jack Skellington song but this one's mostly about the visuals. It's an incredible looking mix of stop motion with CG animation backgrounds and it's fully loaded with Halloween imagery throughout.
★★★½ i cant believe disney sends out hunter-killer drones to rain fire on any mom n pop daycares with a buzz lightyear painted on the wall but never touched this hilariously shameless bite of nightmare before xmas - seriously u gotta hear the fake danny elfman voice ""HALLO-WEEN! HALLO-WEEN!"" song in this
besides all the plagiarism this is an actually decent ol'fashioned stopmotion ghoul hoedown kinda like MAD MONSTER PARTY where all the classics (mummy, frankenstein, big-nose witch, scarecrow, zombie, really dope swamp creature) get drunk & party together - most scenes are saturated w/ bittersweet creepy-fun halloween vibes and its like 27 minutes so its p much essential mood viewing right now
watch here www.dailymotion.com/video/x28oefk_spooky-bats-and-scaredy-cats-a-halloween-tale-2009_shortfilms
★★★★ Belly full of pumpkin stew, decorations on, pumpkin lit up, eating a slice of pumpkin pie watching this thoroughly charming stop motion animation. Perfect way to start Halloween!
Wishing you all a wonderful day :)
★★★½ Borrows heavily from The Nightmare Before Christmas and Mad Monster Party, even including a Danny-Elfman-esque 🎶banger.🎶
But that’s not a problem for me. I love blatant knock-offs, sometimes more than the classics they’re trying to emulate.
But there’s something missing here that I can’t quite put my finger on. Maybe it needed to be zanier? I think a little extra silliness would have gone a long way… Still, there’s solid, wholesome, Halloween fun to be had here. It’s just not one I can see myself returning to year after year.
★★★★★ i distinctly remember owning this movie on dvd and watching it repeatedly as a kid, yet no one else seems to know of its existence. turns out it is very much real and is in fact one of the best halloweenie movies ever made.
★★★½ this is some nostalgic fever dream shit like a hybrid of robot chicken, james and the giant peach and like paranorman
★★★★★ Best film ever made
★★½ A cool little stop motion short about a brother and sister tasked with delivering party invitations to the guests of a Halloween party.
The fantastic animation and design keep this interesting but it's pretty thin and has music that is clearly done in imitation of better films. A good time though.
I was simultaneously terrified of and in love with this when I was younger.
★★★★★ wouldn’t be halloween without rewatching this hidden gem of a movie.
★★ Went to a Halloween river cruise with friends a couple years back and THIS was playing on a TV in the middle of a dark forest while we waited. 💀 Glad to finally see the full thing. 🧡🖤
★★★★★ idc this is my favourite film"
Mujhse Dosti Karoge! (2002),Bollywood,,"A man falls in love with his childhood friend, but another friend is the one who reciprocates his feelings.",,3.0,"★★★½ this was all cute and fun until raj turned into a manipulative psycho
★★★★½ i am impressed, that he teached her his weird church song by email. like what did that mails look like“ he he hee he he he he heee??“ 🤨
in the medley, they sing ""kaho na pyaar hai"" from the film kaho na pyaar hai, meaning the film kaho na pyaar hai (starring hrithik roshan) exists in this universe so why does no one notice that raj (played by hrithik roshan) looks EXACTLY like famous bollywood actor hrithik roshan
★★½ I enjoyed how during Hrithik’s moment of clarity, there were just several cuts to Jesus on the cross for some reason.
not them trying to convince us that rani mukherji is ugly like what
★★½ Why is this movie obsessed with gobi parathas?
i am well aware the plot of this is garbage but any late 90s bollywood movie where there’s a sequence of pretty people dancing in front of the swiss alps is so comforting to me
★★★½ raj isn't like the other boys he's so quirky for loving gobi parathas
★★½ totally generic but that's kinda the point, to just check out of your life for 2.5hrs and pretend it's normal to exist in a world where rani is the ugly one and everyone is absurdly rich and oblivious and wears the most cursed fashions while they cry and yell and keep secrets and have awkward conversations that dance around the secrets and make stupid decisions and sing songs until everything works out in the last minute. highlight of this is definitely when the whole bollywood romcom universe collapses in on itself for a long wedding medley of songs from other bollywood romcoms, some of which starred the actors who are in this movie, a proud admission that what they're doing…
★½ had potential in the first half before the mc devolved into an actual villain 😭
★★★½ Pooja the og catfish
★★★ Raj’s so controlling and manipulative, Pooja’s a trifling bitch, Tina’s the real victim."
Diary of a Mad Old Man (1962),The Most Comprehensive List of Japanese Movies Ever...Maybe; Films featured on worldscinema.org; The Uncomfortable Truth: The History of Black Comedy; Rarelust Complete List; Japanese Cinema Log,,"Utsugi, a seventy-seven-year-old man of refined tastes who is recovering from a stroke, discovers that, while his body is decaying, his libido still rages on -- unwittingly sparked by the gentle, kindly attentions of his daughter-in-law Satsuko, a chic, flashy dancer with a shady past. Pitiful and ridiculous as he is, Utsugi is without a trace of self-pity, and his diary shines with self-effacing good humor.",,3.59,"★★★★ If I was old, a little depressed, and mostly confined to a single room, I too would get obsessed with Ayako Wakao’s legs.
★★★★ Brief Synopsis: A physically impaired older man (Sō Yamamura) is consumed with lust towards his knowingly flirtatious daughter-in-law (Ayako Wakao). -- Verdict: This adaptation of a novel by Junichiro Tanazaki, one of Japan's most lauded authors, is a predominantly humorous tale of late-life foolishness which smartly undercuts its black subject matter with shards of realistic comedy and sadness. The film's lusty protagonist, nearing the end of life, is a pathetic figure who is afforded a degree of sympathy as he degrades himself literally at the feet of a young woman (the lovely Wakao) who knows exactly which buttons to press to achieve her materialistic goals. The weighty topics of 'sex' and 'death' are inextricably linked in a well acted and beautiful looking film which is thoughtful and wry and, despite the temptations of the subject matter, never descends into tackiness.
★★★½ Pretty sure if either Luis Buñuel or Quentin Tarantino have seen this movie, they wet themselves.
★★★★ Certainly more memorable than the novel. But way more about social class and the juvenile privilege of wealth than struck me the first time I watched this.
★★★ This is the first Kimura Keigo’s movie I’ve seen, and I’m really interested in and looking forward to exploring his filmography in the near future. He worked with some big names in the 1950s and 1960s such as Kyō Machiko, Wakao Ayako and Mifune Toshirō, but seems to have become an obscure and not well-known director nowadays. Obscure in that most of his movies are available here in Japan only on DVD or VHS, that is, not on streaming services, and as far as I know, his work are rarely screened. As for the Diary of a Mad Old Man itself, unfortunately I haven’t read Tanizaki’s short novel which the film is based on, so I can’t really compare the…
★★★½ Wealthy old man, who finds his wife no longer attractive, the object of his lust has shifted to his obsession with his young daughter-in-law. He showers her with extravagantly expensive gifts, including a gaudy ring, that he hides from his ever-suffering wife, who seems to be well aware of her husband’s doing. Only sexual and fetish desire is keeping him alive.
★★★ Three themes accurately depicting this movie (as per wiki) : foot fetishism, modernisation of Japanese women and vicarious sexuality.
I am a big fan of reading Junichiro Tanizaki books by now and to explore the range of themes like depictions of sexuality and destructive erotic obsessions to subtle portrayals of the dynamics of family life within the context of the rapid changes in 20th-century Japanese society—encapsulates the “snowballing” of traditional Japanese culture and behaviours with modernisation.
And to make matters worse or better (depends), Ayako Wakao plays the sexy vixen.
(glad I could recover my letterboxd profile, I’ll try to be more active here) im in my kanye phase.
★★★★½ One of the most unique films I've ever seen. It's not that the director have gone over the top trying to make it odd through extravagant technical profligacy, but rather that the story and the atmosphere between the two main characters sum up to a very powerful cinematic experience of epic authenticity. Wakao is, as usual, flawless in her role as the manipulating vixen.
See the ranking of this film and all others I've seen this year here!
★★★½ Sexy sexy elder abuse
★★★½ I've long been a fan of Junichiro Tanizaki, so I was happy to learn that there was a film adaptation of his novel Diary of an Old Man by Keigo Kimura. Even better, it stars the irrepressible Ayaka Wakao as the object of lust, Satsuko, for the old man (So Yamamura). It is essentially about sex and death, perhaps, in a more comedic way in the film (I don't remember the novel well). The interlude in Kyoto in the later part of the film has some nice on location scenes as well. Wakao would go onto star in another Tanizaki adaptation, Manji in 1964, as well as Irezumi in 1966 with frequent collaborator Yasuzo Masumura as well. (They would make 20 films together).
★★★ Diary of a Mad Old Man, Keigo Kimura's provocative adaptation of Junichiro Tanizaki's novel, follows an ailing old man obsessed with his young, flirtatious daughter-in-law, particularly her legs. In comparison, the leg fetishes in Buñuel and Tarantino feel like childish fantasy; here, the obsession is raw and psychologically charged. Uncomfortably funny and satirically perverted, the film has a bravery that feels uniquely Japanese in its unashamed presentation. Its psychological depth transcends its pinku elements, touching on an uncomfortable reality where aged men often pursue much younger women. Ultimately, the film appears to suggest that love and money truly do conquer all.
1962 Movie Ranking: From Best to Worst
Watched this by accident"
Dinner For Two (1996),Written by Women,,"Frogs, birds, lizards, a snake, alligators, and a lot of insects inhabit a pond; everyone's ready to eat. Two tenacious lizards catch the same fly, inciting a protracted tug-of-war.",,3.75,"★★★ Those two goofy ass lizards should just kiss already lmao🦎🦎🪲.
★★★★ Short Takes - An NFB short I watched on a short flight home.
Simply charming.
The uncomplicated parable of sharing is made so much more by brilliant animated characterizations. Each shot is simply delightful, and you can't help but smile.
Watch it here
★★★ Funny, but the ending was a bit disappointing.
Part of my effort to watch at least one short film per day. Here is the list I am currently working through, with a random number generator determining the film each day. I will take recommendations for everything that's 40 minutes max.
Greed, ambition, stubborness, envy... all those qualities you love to see in lizards
★★★★★ I love love
Watched as part of big rat movie night
had to watch this for a post-conflict resolution class, the animation is lovely ..still don't know what the sunflower headed guy was all abt tho
lady and the tramp
This is what trying to eat the last slice of cold leftover pizza for breakfast the next morning before your siblings is like. Minus the ending.
★★★½ And dinner was served…
Made me ribbit, not going to lie.
TMA 492 7/10 Films
P.S. I would do the same if I were in this situation.
★★★½ *ribbit*
Where is my mediating frog when I need one?
★★★ was hoping for a different ending
★★★★★ I like how all the animals look like they've never had a thought in their lives"
"Separate We Come, Separate We Go (2013)",Teenage Wasteland: A Comprehensive List of Coming-of-Age films; Written by Women,,"Separate We Come, Separate We Go is the story of a 10-year-old girl, Thea who escapes her bleak domestic life to find sanctuary in the surreal desert landscape of Dungeness. Roaming around the barren skeletons of boats and abandoned fishing huts, she is increasingly aware of her loneliness and vulnerability. Seemingly out of nowhere a man (David Thewlis) appears; she is so intrigued by him she defies all lessons taught about strangers and approaches him. As they walk and talk she discovers he is a widower and has lost his son; she realises she is not alone in experiencing loss. He notices her sadness and unusual maturity and decides to help lift her out of her melancholy. Through the metaphor of the freedom of flying birds, he shows her that life does have exciting possibilities. This redemptive story shows that in life you should not allow fear to limit your horizons.",,3.14,"nothing happens but it's wholesome and david thewlis isn't evil
★★ Would like to meet gentle beach-dweller knit-sweater-wearer David Thewlis.
★★★★★ David thewlis makes me swoon so hard I’ll literally watch anything that he’s in but the fact this is directed by Bonnie wright (aka miss Ginny Weasley) makes this 100x better
★★★ Don't talk to strangers unless it's David Thewlis in a cozy sweater.
★★★½ david thewlis father figure i love you
Not bad for a directorial debut, innit?
Backyard approves.
🔇AY🔇SHE🔇STILL🔇HAS🔇YOUR🔇SWEATER🔇
★★★ We've lived in a Paedogeddon! society (thanks Chris Morris) for the last twenty years or so. Captain Birdseye, once an avuncular, bewhiskered grandfather figure to pre-pubescent shipmates in a decades-long ad TV campaign, is now a designer-stubbled male model and older brother figure who captains a crew of twenty-something hipsters. Likewise, the grandfather is conspicuous by his absence in the Werther's Original adverts, and so is the grandchild who would previously be found sat upon the old man's lap, making only pleasant and fond memories.
It's refreshing therefore to see Bonnie Wright's short film focusing upon a young girl befriending a middle-aged stranger in Dungeness. It's reminiscent of less cynical times and, right now, that kind of hit the spot for me. It's a rather slight short, but it doesn't matter; it's a very sweet little film and you can watch it on YouTube .
Number 100 in my 52 films by Women in 2019 challenge
★★½ meaningful message and all but stranger danger but it’s remus lupin so it’s fine..
The things I watch for David Thewlis.
i just love david thewlis so much mann
★★★ You would never see me step foot inside a strange man‘s house (unless it‘s David Thewlis)"
The Prince of Nothingwood (2017),Films Directed by Women; Documentaries about Film & Filmmakers,,"French documentarist Sonia Kronlund follows actor and director Salim Shaheen, an Afghan movie star who produced more than 110 low-budget movies in a country devastated by war.",,3.42,"★★★ Y'know what, I think that guy might've been gay.
★★★½ Part of 30 Countries 2022 . Today: Afghanistan! Also 52 films by women 2022: 15/52.
Sonia Kronlund’s film begins with the director’s voiceover on the soundtrack, noting - regretfully? - that she had reported many, many bad news stories from Afghanistan, and the subject of her first feature offered her the chance to do something different. “Different” is an understatement. Salim Shaheen is a rotund, suit-wearing man with an air of Andy Kaufman’s lounge-singer character Tony Clifton, albeit drained of all that persona’s sleaziness. Kronlund catches him working on four films simultaneously - his 111st through to 114th - the latest in a career that has led to him being dubbed “the Ed Wood of Afghanistan”.
There is an air of…
★★ grand respect mais le mec c’est un connard et j’ai pas la vision 🙏🏻
★★★ This documentary is a road movie following an Afghan director who created more than a 100 films in his country. All the characters are memorable et there are good visual ideas (like mixing reality and the director's films). It lacks a proper ending.
★★★★½ Nothing short of brilliant. As the film progresses, Sonia Kronlund's plan with NOTHINGWOOD becomes apparent. She's creating a surreal masterpiece that is neither all true nor all false, but it's all entertaining. I love this film.
There's something to be said about the creation and intent of art and who consumes it. We see snuff footage of the people who enjoy the films that are being made in the doc, and they are merciless. Yet, we sympathize with the art. Never the people.
★★★½ In the midst of death, we are in life.
★★★★ Nothingwood, an astonishingly entertaining documentary about Salim Shaheen, the grindhouse auteur of Afghanistan, who has made 108 feature films through war, civil war and US bombardment.
The synopsis calls him 'the Ed Wood of Afghanistan' and his extraordinary good humour, rudimentary directing style (shouting ""MORE DRAMA!"" and ""DO BETTER ACTING!"" at the actors in the middle of the take) and ebullient refusal to be put off by anything at all, including landmines where he plans to shoot, is initially hilarious & eventually inspiring.
It's extremely heartening to see a film from a Muslim country that just shows people doing crazy shit and having a great time in the service of some sort of obsessive visionary creative idea. Even if the films really aren't any good, the fact that they just keep making them (and even the Taliban watch them) is enormously reassuring.
★★★½ Part of my coverage of Fantastic Fest 2017 for Daily Grindhouse :
Salim Shaheen is a filmmaker in Afghanistan who has made over 100 independent films, despite his country’s long history of conflict and strife. Documentary filmmaker Sonia Kronlund travels to Afghanistan to talk to Shaheen and his friends, collaborators, and fans as he shoots his latest film. Shaheen is an extremely charismatic person, and everyone seems to know him from his films, but he’s hardly a celebrity in the Hollywood sense–he wheels and deals to get locations, he’ll hop out of his car to help another car stuck on the road, and he’s had his share of close calls including an incident that killed several of his friends while in…
★★★½ Afganistán es un de los países más desgraciados del mundo. Incluso antes de la victoria definitiva de los talibanes ya era un lugar inestable y peligroso, tensado entre el fundamentalismo y las ansias de una cierta normalidad. Pero incluso ahí existe gente deseosa de hacer cine. Salim Shaheen calcula haber realizado más de un centenar de películas. Su familia lo apalizaba de niño si se enteraban que se había ido al cine (cosa que hacía a pesar de las hostias diarias), es casi analfabeto y las cámaras con las que rueda no las querrían ni en una productora húngara de cine porno barato. Pero en un país donde los talibanes castigan la tinencia de una simple tele, donde cuesta encontrar…
★★★½ Pretty fascinating documentary, following Afghanistan's most prolific filmmaker as he works on four new films at once (!), the most prominent being the story of his own life - clips from which are used to illustrate his history as he talks about it in the documentary, to compelling effect.
Considering the bleak state of affairs in the country, this is a surprisingly joyous film - the dark past (and present) of many of the participants occasionally looms into full view, but it's quite inspiring that they have banded together to find a way to create a form of art in the middle of a chaotic political situation. When the horrors of war do creep into the film, it doesn't pull…
★★★½ A fascinating documentary about a larger-than-life figure, an Afghani filmmaker/movie star (he casts himself as the lead in all his pictures, seemingly) as he hustles to make his films. The filmmaker, a French/Danish woman notes that she usually covers the grimmest of events when reporting on this part of the world, but saw a chance for a change of pace. And indeed Shaheen Salim is a gregarious figure of fun -- inspired by Bollywood to make his (for practical reasons) ultra-low-budget odd little action films with music and dance -- and yet in tracking his progress, it also does become a story of modern Afghanistan. They go to Bamiyan and film around where the buddha statues used to be, and…
★★★½ COLCOA film #5
An ode to filmmaking
This was another one of Colcoa’s “blind date” screenings, which I have to admit is pretty fun. They don’t tell you beforehand what you’re going to watch so you really got to piece it all together for yourself. Which is fine and all until you come across a movie like “NothingWood” - a documentary probably best described as a mockumentary blended with an outrageous biopic narrative, which all works super well together!

It’s also very funny."
The View From Here (2017),Free On YouTube,,"Bay Area Chef, Mark Matheson has everything he ever wanted: A Restaurant of his own, the love of his girlfriend, Gillian and the respect of the culinary community. But in the wake of bad press and personal demons returning to haunt him, Mark struggles to hold onto everything. Before he can be called great, he'll have to learn to be okay, again.",,2.62,"★★½ Nice bunch of people involved on this very small film, not a bad effort by Kellen Garner who acted, wrote and Directed this. Found this by accident on a streaming site.
★★ The star and director of this movie was my old drama teacher. He was kind of insane. He talked about Disneyland a lot, and he threw an apple at me.
The movie was okay, I guess.
★★★½ smooth criminal and the hip hop number absolutely killed me. all the solos dresses were so gorg just what a night.
cry meter: 0/10
★★½ pretty good, but i have my issues with it (the editing being an example. some scenes changed too abruptly)"
The Mysterious Magician (1963),Literate Movies,,"The sister of a famous, but as yet uncaught, criminal named The Hexer is murdered. Inspector Higgins of Scotland Yard believes that The Hexer will surface to take his revenge on his sister's killers, and plans to set a trap to finally capture him. However, soon bodies start piling up, and it looks as if The Hexer may get away yet again.",,3.2,"★★★ Gesichtet wurde die DVD von Pidax. Fassungstitel: Der Hexer.
Ein Jahr bevor sich die Rialto des Stoffes annahm, produzierte das Zweite Deutsche Fernsehen eine Fassung für die Mattscheibe, so wie es sieben Jahre zuvor bereits der Süddeutsche Rundfunk mit seiner Version von ""Der Hexer"" tat. Wie schon dort ist auch hier nicht zu übersehen, dass es sich nicht um eine Produktion fürs Kino handelt, denn die Sets sind nicht so reichlich ausgestattet wie für die große Leinwand, doch das Schloss bietet mit seinen Geheimgängen, den Requisiten, beweglicherer Kamera und ein paar Außenaufnahmen optisch mehr als die theaterartige Inszenierung aus dem Jahr 1956. Auch wenn ich die Geschichte nun schon mehrfach durch Hörspiel- und Filmumsetzungen verfolgt habe, werde ich dieser nicht…
★★★ Einer der berühmtesten und prestigeträchtigsten Krimis von Edgar Wallace ist ohne Frage die Geschichte des Hexers. Bereits in der ersten Reihe deutsche Wallace Verfilmungen in den 30ern wurde ""Der Hexer adaptiert. Neben vielen weiteren Interpretationen aus anderen Ländern liess sich der süddeutsche Rundfunk die Geschichte in den 50ern auch für das Fernsehen verfilmen, wobei die vermutlich eher unbekannt ist. Etwas mehr Aufmerksamkeit erhielt die Adaption von Rainer Erler, der später den starken ""Fleisch"" drehen sollte, für Bavaria Film im Jahre 1963. Die Filme von Rialto unter der Leitung von Horst Wendtland florierten, doch ""Der Hexer"" war immer noch nicht verfilmt worden.
Erler überlegte sich für seinen Fernsehfilm nun eine eigene Herangehensweise. Vielleicht geschuldet des Budgets, aber mit Sicherheit auch der…
★★★ Looking at the reviews of this film here, I have the suspicion that most meant to write them for the Rialto production from a year later .
This entry here is the 1963 TV version, one of nearly a dozen adaptations of Edgar Wallace's book that came before.
This version is a bit more faithful to the source novel in that it features Mary Lenley, the secretary of crooked lawyer Messer, and her criminal brother John, two characters that were left out of the Rialto movie.
As a typical TV movie of its time, this HEXER looks very much stage bound and predominantly takes place in either Scotland Yard or Messer's London mansion (though from the looks of it ""castle"" would…
★★★½ I always liked the style of the old black and white Edgar Wallace-flicks. It had atmosphere and it had one of the most important things in the crime-genre. You never knew what will happen next (at least if you haven´t read the books before). There are a ton of famous german actors of the time and the films had comedy and thrill at the same time. It might be a little silly, but that only adds to the charme of it.....
★★★½ Ein Edgar Wallace Krimi, der sich dankenswerterweise nicht so ganz ernst nimmt.
★★½ Koksorgel slayed
★★★★ oh to be an eccentric old man living in a castle drugged out of my mind and playing the piano
★★★ oh mein gott bro 😭 ich hab den falschen ""der hexer"" geguckt, schwarz-weiß filme sehen alle gleich aus.. war aber iwie geil für so einen alten schinken
★★★ I love these Edgar Wallace movies. Every single dang character has two, (sometimes three!) identities - some even have personal mini-submarines. Don't miss the bear skin doorbell!
★★★½ Genau das richtige Maß an charmantem Sexismus und Anzüglichkeiten gepaart mit charismatischem Ermittler, klassischer Detektivromantik und einer Prise Gags, nahezu selbstreferentiellen Momenten und eleganter Missachtung der Physik. Die Alfred Vohrer-Edgar Wallace-Filme sind einfach schön anzusehen!"
Lost Ladies (2023),"IMDb Top 250; Stuff by women, about women; Top 250 Films by Women Directors; Written by Women; Top 5,000 Highest Rated On Letterboxd; for when you don't know what to watch; All movies rated 3.8 stars or higher (with at least 10,000 ratings); Top 100 Films by Asian Women Directors; Top 250 Films by Heart Rate; ✈️Best International Feature Film (Best Foreign Language Film) Academy Awards Submissions (1947 – 2025); Every film that has ever been on the IMDb Top 250; Top 100 Indian Films; ""Hindi Cinema Essentials""; Top 250 Global South Films; NETFLIX; Top 250 Romantic Comedy Films; Top 250 Films of the 2020s; Rogy's Essentials: Woman's Edition; Letterboxd’s Top 50 of 2024",Drama; Comedy; Romance,"In 2001, somewhere in rural India, two young brides get accidentally swapped on a train. In the ensuing chaos, they both encounter a host of colourful characters, resulting in hilarious and unexpected consequences.","In 2001, within the fictional state of Nirmal Pradesh, a young farmer named Deepak travels back to his village with his new bride, Phool Kumari. They board a heavily congested overnight passenger train alongside several other newlywed couples. Adhering to regional tradition, all the brides wear identical red bridal attire with their faces entirely concealed by a ghoonghat (veil). Deepak dozes off during the journey and wakes up abruptly at night, realizing the train has reached his station. In the ensuing rush and darkness, he accidentally disembarks with the wrong bride, leaving Phool behind on the train with another groom, Pradeep.

Deepak's family gathers to welcome the couple, only to discover the mistake once the bride lifts her veil. Unwilling to reveal her true identity, the woman gives the family a false name, Pushpa, and lies about her hometown. Meanwhile, at a distant railway station, Phool realizes the mix-up. However, because she does not know the name of Deepak's village or his phone number, the station master cannot assist her. Refusing to return to her own village out of fear of bringing social shame upon her family, Phool decides to remain at the platform in hopes that Deepak will return for her. She receives shelter and employment from Manju Mai, an independent woman who runs a tea stall on the platform.

A frantic Deepak files a missing person report with Sub-Inspector Shyam Manohar. Reviewing the details, Manohar grows suspicious of ""Pushpa"" and surmises she might be a runaway thief. He places her under surveillance, observing her selling jewelry, secretly using a mobile phone, and purchasing bus tickets. Unaware of the police investigation, the woman genuinely bonds with Deepak’s family, while Phool, working at the railway tea stall, learns to make kalakand and adapts to an independent lifestyle.

Believing she belongs to an organized gang, Manohar arrests the woman, discovering her real name is Jaya. Jaya confesses that she possesses an aspiration to study organic farming in Dehradun , but her family forcefully married her off to the abusive Pradeep. She explains that she used the chaotic train mix-up as an unexpected opportunity to escape her marriage.

Pradeep arrives at the police station to reclaim Jaya, immediately slapping her in front of the officers and threatening to extort his dowry from her mother. Manohar intervenes, stating that Jaya is an adult who cannot be legally forced to go with him. He releases Jaya and threatens to prosecute Pradeep for domestic violence and investigate the suspicious death of his first wife if he ever approaches Jaya again.

Before her arrest, Jaya had commissioned Deepak’s artistic sister-in-law, Poonam, to sketch a portrait of Phool, which Jaya printed onto missing person posters and distributed across local transit hubs. Spotting one of these posters at her station, Phool finally identifies her location and reunites with Deepak. Her safety secured, Jaya departs for Dehradun to freely pursue her higher education.",4.18,"My heart is so full after seeing Kiran’s such soulful sincere film. Cried like a baby . And seeing a packed house brings back the hope and faith in Hindi cinema and its audience . Beautiful writing, sincere and honest performances . Bliss
★★★★½ If no one got me, I know Aamir Khan Productions got me
★★★★½ no sandeep reddy vanga was harmed in this movie btw
★★★★ Wow, this movie really took me by surprise. The way it blends social satire with a hearty optimistic drama was really commendable. It neatly passes on its message with subtle commentary and flows along with effortless ease, keeping you engaged right through its 2 hours. The way they used the veil in such an ironical manner was just fantastic. Songs were simple and beautiful. Dialogues were sharply written. The pre climax and climax leave you on a gratifying high. Highly recommended feel good watch.
★★★★ Yeh ladki bahot dur tak jayegi Haa sir dehradun 800 km haina yaaha se
★★★★ ""My husband and son would get drunk and beat me up. And then they would say, 'A man who loves you has the right to hit you. One day, I exercised my right as well.""
★★★★★ Lost ladies? Nope more like ladies who found their way.
One wanted to just get married and stay put and the other wanted to taste her freedom and nothing was wrong about either of their dreams.
Two beautiful representations 🌸
Two lead women yet Manju Maai steals the show 🥰
★★★ you know, I liked that one of the girls' aspiration was to just find her husband and be married. representation matters.
★★★★½ Phool : 'Aap nahi h to hum kabhi nahi milti'.
Jaya: 'Agar tum nahi hoti na to humko hum nahi milti'
It was really refreshing and heartwarming experience at the start of the day for me. I watched the trailer of this during Fighter screening and the trailer gave a fun vibes but the movie altogether was totally different and turned out lot better than I expected. It's like a wonderful soothing musical symphony where every instruments like the performances, storytelling, characters, music, cinematography everything work so well complementing each other without losing it's beguling appeal. Everything surrounding this film was made honestly and with a lot of heart and they beautifully portrayed the core message they wanted to convey…
★★★½ Humans being nice my fav genre
★★★★½ to be literally honest, it was a huge mistake to watch this film not on the big screen
★★★★½ ""Yeh jaan hi le lega ghoongat sasura"""
Derma (2019),Got 15 Minutes to Spare?,,"Snow clad mountains, a mystical man, a traditional tattoo, and Karma at it's twisted best.",,3.0,"★★★ So should I get a tattoo?
Well made short film!
Deals with karma , on how it eats you out.
Must watch!"
Because of You (2020),foreign lgbt cinema,,"Growing up in a large, wealthy family, the three Yuan brothers never wanted for anything. Yuan Jun Cheng, Yuan Jun Dao, and Yuan Jun Ping all have different mothers though and were competitors for the fortune 500 business empire of their father. All started to change when Lin Xun, a poor young man who had previously helped Jun Cheng , was asked to call the father of the three Yuan brothers by his dying mother. Adding to the camaraderie is Jun Dao's room mate Yang Xiang and Jun Ping's best friend Yan Yue.",,3.08,"★★★ juncheng speaking in korean while everyone else is speaking in chinese where the conversations are understood by everyone is hilarious to me. the switching from korean to chinese and back to korean is funny to me as well omg.
★★★ at least it was cute, all i need is to see gays being happy 🥹
★★★★½ this was sooo cute took off half a star bc it was too short
★★★★ The best thing about this series is how the oldest brother continuously only speaks Korean to everyone around him speaking Chinese and that that for whatever reason is no problem to anyone! People would be having entire conversations in Chinese and he would just switch to Korean, everyone would understand and then answer in Chinese which he again would understand - bilingual disaster.
★★★½ thought this was going in an incentious direction at first but im glad it didnt !
★★½ i felt like i just watched the cliffnotes version of a full length kdrama at 2x speed but...i liked it? why? i could Not tell you.
★★½ me: am i suddenly fluent in Chinese? why do i understand the dialogue?
also me: *realises half the dialogue is Korean*
The switching back and forth between Chinese and Korean had me rolling ngl
★★★ this needed to be longer to flesh out the relationships tbh 😩
★ Agak gimana gt tiba² gini tiba² gitu . Maen kek sepotong². Au ah 😅😅
★★★ Its kind of ocnfusing but also not but it is but also not but it is but isnt but it is but also isnt but it also is but its technically not but it definitely is but also not
★★★★½ this show is so good but why is each episode less than 20 minutes 🫵🏻😞
★★½ Ini sebenernya punya potensi pengembangan cerita sih, tapi kenapa kok sangat menitik beratkan pada Yuan Jun Cheng dan Lin Xun, padahal kedua adiknya juga punya potensi cerita tapi kaya' cuma tempelan aja. Ceritanya juga biasa sih, malah cenderung meh. Trus lagi secara teknis aku ngeliat kaya webseries minum budget yg paling mahalnya adalah buat nyewa Hummer si Yuan Jun Cheng lmao"
Scales (2019),✈️Best International Feature Film (Best Foreign Language Film) Academy Awards Submissions (1947 – 2025); My Top films of last 25 years,,"Hayat, a 12-year-old strong-willed girl, lives in a poor fishing village governed by dark tradition, in which every family must give away a daughter to the sea creatures who inhabit the waters near by. In turn, the sea creatures are hunted by the men of the village. Saved from this ordeal by her father, Hayat is outcasted by her village and considered a curse. But Hayat never surrenders. When Hayat’s mother gives birth to her new-born brother, Hayat must accept the brutal custom by sacrificing herself to these creatures or find a way to escape.",,3.42,"★★★★ Gender roles are tied up with the supernatural in this bleak Saudi Arabian folk horror film. Scales focuses on a fishing village where every family must sacrifice a daughter to the sea monsters that inhabit the surrounding waters, while the men of hunt them for food. It's a Lovecraftian set up has clear themes of family and duty. The people of the village simply accept the situation as it is. They sacrifice their daughters and hunt the monsters as an act of ""courage"", without realising that they are only maintaining the status quo. The central character is young girl saved from sacrifice by her father who then grows up to challenge the norms of the village. The narrative is slow…
★★★★½ Find this film and see it.. fable like , makes a very strong statement against patriarchy without resorting to rhetoric in .. Saudi Arabia . And that country made this film their oscar entry. First time filmmaker . We have her the best film at SGIFF
★★★½ “ Oh mighty sea, our sacrifice is small. From the depth of your water and your sand, bless us with your maiden. We need her strength. We beg you, the drought has worsened. Our daughter is in your hands …”
While Saudi Arabia has taken some action to improve gender equality recently, culturally speaking, it's still a rather regressed society in terms of equal gender rights, something that explodes in the quiet, barren landscapes of the Musandam Peninsula ( Jazīrat Musandam ), home to a harsh life in more ways than one for Hayat (Basima Hajjar). A stunning debut feature film from Shahad Ameen, SCALES (سيدة البحر or Sayyidat al-Baḥri , 2019), is a curious addition to the myths of mermaids, even more so from…
★★★ Tradition on a remote island dictates that the men of the village must sacrifice their first born daughter to the sea in order for the village to receive the beneficence of the gods. When Hayat's turn comes, her father, in a moment of weakness, refuses to let her drown and raises her as though she had never been destined for a watery grave. This marks her out as cursed in the eyes of the village, denoted physically by the squamos appearance of her feet. The reason for the scales, mysterious at first, is made somewhat clearer when it's revealed that the sacrificial firstborn are transformed into mermaids by the hand of the Sea Maiden, to be harvested by the menfolk.…
★★★★½ ""you killed your daughter that night on the boat."" ""i also watched them eating her."" ""maybe there was another choice, who knows.""
can't believe y'all are sticking to your girlboss white feminist flicks after this dropped.
★★★★★ the circle of tradition, stalwart and perfect. shrouded guilt and guarded solemnity, hoisting wet tails onto dry land with guttural ignorance. the simple story of a girl cursed with rage from a tender age, a poetic enchantment retching water and sand.
a Saudi feminist fairytale luring you in like a landslide as it crashes against the banks, its soul screaming waves but billowing silently in the wind.
this is the film I’ve waited my entire life for.
“Whenever you feel rejected from society, your first instinct is to ask yourself, ""Why, and how can I be accepted within that society?”, never thinking that they might be wrong.” — Shahad Ameen.
on the eve of the full moon, the men of a…
★★ I'm developing a bit of a distaste for the kind of ultra hi-def digital cinematography that characterizes a lot of contemporary low-budget cinema. Scales is full of vivid, striking images--particularly of its arid Saudi Arabian landscapes--but rendered in a slightly uncanny way? I don't really have the vocabulary to explain what about it rubs me wrong, but it definitely cast a pall over the film as a whole.
On a conceptual level, I like a lot of what Scales is doing. Taking place in a kind of mythic desert island, the inhabitants observe a grim ritual of offering a daughter from each family to the inhabitants of the sea. Twelve-year-old Hayat was marked for sacrifice at birth, but rescued, at…
★★★½ All the Haunts Be Ours — A Compendium of Folk Horror: Volume 2
Beautifully filmed in stark black & white, this folk fantasy has only tinges of horror in its story about a coastal community that sacrifices its daughters to the sea in exchange for bountiful food stocks and prosperity. But when one father gets cold feet, his daughter grows to be a young social pariah who, nevertheless, leads the way in fighting back against the ""gods"" who keep them all subverted.
It's nice, and unexpected, to see a film from the Middle East that's all about undermining the patriarchy. But it turned out so well that Saudi Arabia even chose it as their Oscar submission for 2021. Perhaps the story…
★★★★★ رائع يا شهد أمين! أكثر شي عجبني اهتمامها بالهوية المحلية وهذا واضح في الأهازيج الفلكلورية وذكرت في أكثر من لقاء إنها مهتمة بالهوية المحلية والعربية وهذا شيء يسعدني، وثانياً المستوى الفني العالي وكيف إن الفلم قدر يخلق قصة وحبكة بأقل عدد ممكن من الحوارات وبمشاهد بصرية بالغة التأثير، وزيادة ميزة ثالثة فوق البيعة: روعة المعالجة والابتعاد عن المباشرة الفجة والكليشيهات والقصص المبتذلة. لمن شاهد الفلم: تقول المخرجة أن رمزية البحر في الفلم هو المرأة أو عالم المرأة المرسوم مسبقاً والمقولب وأظن أن المفهوم الأدق (عالم الحريم) فالأب ولإنه يحب ابنته يخشى إدخالها هذا العالم ويمنحها حريتها بدون قيود هذا المجتمع، لذا ينبذه الناس وينبذونها منتظرين أقرب فرصة ليتم التضحية بابنته ليستفيدوا منها لاحقاً لما تتحول لحرمة. لكنه يرضخ لاحقاً طمعاً…
★★½ في يوم ما راح أكتب كتاب عن ازمة السينما السعوديه واحط فيه كل المصايب الي شفتها بافلامنا .. او ليه الخساير على شي مايسوى نكتب سطر واحد وبس .. الرسايل الي مالها سنع باختصار .. شفت اغلب الافلام السعوديه القصيره والروائيه وللي هي للان تنعد عالاصابع .. دايماً اقول مثل ماقال الايطالي الكبير بروتشلي لما انسال ليه افلامك مافيها رسايل ؟ قال لاني ماني ساعي بريد ..
بالضبط انت منت ساعي بريد .. والعمل الفني اذا كان عظيم مهما كانت رسالته صدقني راح تستمتع فيه وتتجرد من مشاعرك وهذي الفكره الي انا دايم مؤمن فيها ان العمل عظيم يبقى عظيم اذا اقنعني فنياً تقدر تسوي فلم عن قضيه ماتهمني واحبه وهذا الي صاير في السينما
فرق كبير بين انك مخرج…
½ بديته علشانه قصير بس و ما رح اندم لو طلع سيئ بس ندمت على كل دقيقه ضاعت كل شوي اقول بيصير شي و ما يتغير ولا شي ما فيه لا قصه ولا شي يخش العقل أصلا
★★★ 🌏 March Around the World 2026 : Saudi Arabia 🇸🇦
The film’s greatest strength undoubtedly lies in its visual power. The black-and-white cinematography is strikingly beautiful. The textures are so tangible that you feel as if you could reach out and touch the sea, or the desert and smell the sea.
The story unfolds as a feminist allegory with the tone of a dark fairy tale. Through the character of Hayat, a young girl condemned by an archaic tradition, the narrative explores a fundamental struggle: the right to exist. Her desire to live and escape the sacrifice imposed by her community embodies a quiet yet powerful rebellion against the established order.
However, the story can at times feel repetitive, even if the film is short.
🦄 Fantasy Challenge 2026 : -With any kind of mythical creature -Non-English-speaking film"
Mono Lake (2004),UbuWeb MASTER LIST,,"Mono Lake is a document of a unique natural environment, a ""home movie"" of the artists' 1968 road trip, and an intimate view of three seminal figures in the earth art movement as they interact with the Western landscapes that are so central to their work.",,3.25,"★★★★ Mentally I'm here
★★★ Hangin with the fellas, talkin’ about rocks, god I wish that were me.
★★★½ I need to see more Smithson
1968 conceptual 8mm vacation videos of the otherworldly mineral-deposited shores of Mono Lake, from three major players of Land Art: Robert Smithson (Spiral Jetty, 1970), Michael Heizer (Double Negative, 1969), and Nancy Holt (Sun Tunnels, 1976), who shot most of this and did the final edit in 2004. Mono Lake, East of the Sierra's in California, is a personal favorite geological anomaly , so I was pleased to discover the shared affinity when digging into more of Holt's work. This is mostly interesting for its raw material: an investigation of a bizarre landform (sweeping vistas, sculptural mineral forms, crumbling hillsides), granted secondary interest by the art historical relevance of the human subjects (Smithson tumbling down a slope of sand and gravel),…
★★½ i liked the part where he threw himself down a hill and then chugged a beer and peed in a pit"
Dreams Come True (1984),The Weirdo's Videostore (aka The Weirdo's Paradise); Movies on rarefilmm.com; 💩 The Crappy Guide to “So Bad It’s Good” Flicks 💩,,"Boy discovers how to dream travel. Only in this senerio he appears in real life at the location of his dreams while his ""other"" body lies in bed. He then teaches his girlfriend how to dream travel and together they share the adventures of their dreams.",,2.73,"★★½ This odd Troma release came to me via watching the eerie little horror The Children the other week. Director of The Children Max Kalmanowicz only directed one other film...this one.
Young steelworker Lee (Michael Sanville) cares for his mother who lives in a vegetative state. He also experiences vivid dreams of sexual encounters and rollercoaster rides with an unknown beautiful girl. After a dream about a colleague being badly injured in an industrial accident happens in real life, Lee struggles to understand what's happening to him. It becomes even stranger when the girl from his dreams Robin (Stephanie Shuford) appears for a date he thinks he arranged in his dreams! Turns out Robin too can enter the same dreamlike state,…
★★★ What an oddball film. Haven't seen one this strange in awhile and I watch a lot of weird shit! Where do I begin... A psychedelic off kilter romance/horror where two lovers lead two parralel lives. One life based in reality and another connected between their dreams. During the day they hangout and do everyday kinda stuff while at night they travel to their dream world and go on all sorts of elaborate dates and adventures. Things get more intense when their dream bodies begin travelling to nightmarish dimensions and make believe worlds. Whoa!
I loved the low budget glowy FX that would occur when they left their bodies. I live for those kinda scenes and it added this trippy/experimental vibe…
★★★ | The short version: Allegations of astral rape, flashes of face-melting children, transcontinental resto-running! This is the best (and only) narcoleptic amnesiac astral love/hate romcom than has long-term sexual abuse and stoke survivors as its b-plot. After watching this, I’m confident my neighbors believe I own 3 very naughty puppies by the names of ‘Dafaq’, ‘Fowreal?’ and ‘Yugata Beshitting Mi’. Because I was screaming either one about every 5 minutes.
| The slightly less short version: What looks like the trailer for another movie preceeds the title of Dreams Come True swirling out of a vortex of sickly skin toned goo. Are you confused? You think you are now, but 80 minutes later, you’ll look back to this moment as…
★★★ Wow, this is some glorious WTF insanity.
The film opens like an action-packed trailer as it introduces us to the main character Lee and draws you down its 84 minute path shrouded in darkness as this film is one bag of incoherent laser-drenched mush. It's mostly a love story, occasionally a fantasy, and sometimes even a horror movie. Hell you even get to watch a few minutes of the horror flick The Children (which I've never seen before but looks like it's better than this?).
Lee and Robin are young lovers that encounter a shared magic power of travelling in their dreams to other places. This leads to eating at a fancy restaurant in Paris, stealing a pizza from a…
“ You’re too stoned to know you’re stoned! ”
Undefinable Troma obscurity about “dream travel” & the consequences therein. Never really decides on a genre, swerving between dark drama, weirdo sci-fi & cutesy romcom. I never knew where the fuck this thing was heading. Cool new wave score by the band Spooner. If you’re seeking out oddities this should scratch the itch. P.S. The VHS rip online has no nudity & the cuss words are all blanked out for some reason.
★★½ I can't believe I paid .99 to rent Dreams Come True because it looked like shit and they bleeped out all the cussin!!!!! I thought there would be more astral projection-outerbody fucking but that was just wishful thinking, this was all falling in love within a dream realm montage and a long scene of the lead characters going to a movie theater to watch The Children (the other movie directed by Max Kalmanowicz). I guess this is worth the price of admission if you like to see little muscular guys oiled up and running around in boxers or beating the shit out of a punching bag or feeding his mother baby food or being bullied at work for not jerking…
★★★ 2025: 🎃 Spooky Autumnal Vibing
At the edges of corny B-movie and elevated porno, this independent low-cost production by Tromo has unexpectedly great aspirations. First off, incredible poster design... a not-so-subtle hint at the para-nocturnal-emissions that probably sparked this concept. But once the film introduces astral projects and early, low-budget special effects, this film begins to dig into something perhaps more complex: an escapist, dissociative response to trauma.
This film really feels on to something, like an A24 remake could be great.
Tonally unhinged, this film is all over the place but really captures bewildering, confounding, and sometimes nightmarish sexual impulses. And the different ways people act on them.
This film was brought to my attention by @mommysnail .
★½ I tricked myself into watching another Troma movie again. Fuck.
On the other hand, there's some genuinely great concepts for a movie in here. An actual movie that focused on just one of the ideas here could work. As it is, it's all just neon dreaming.
★★ Holy shit! That WAS Richard France from Dawn of the Dead and The Crazies as the rapey uncle! This movie isn't very good, but it's so damn weird it holds your attention well enough for 90 minutes. I heard the original cut didn't have any nudity, but thank goodness a little was added; not sure, but would say it's likely what got this distributed by Troma .
Nice old school cheesy 80s optical effects for the astral projecting, an original unique soundtrack by a band called The Spooners , and a scene where the leading guy takes his girlfriend to a movie theater to see The Children with two glass bottles of beer stuffed into the crotch of his pants. It's weirdness counterbalances the lame and problematic moments well enough for a one time watch, but it's really not one I'd recommend unless it just falls in your lap.
★★★ So, I thought this was going to be Movie #3, an 80's T&A movie, for the Xanax & Strippers: The Todd Gaines Movie Challenge . But it is officially NOT on the list. You know why?
NO T&A! You can imagine my disbelief!
I mean, look at that poster, right? 80's hair. Topless and underwearless woman. With an IMDB reviewer hyping up a graphic sex scene, I thought this for sure was going to fulfill the status.
But honestly, I am glad I watched this film because it is bit of a gem. From what I've seen he likes, I could see Todd Gaines finding joy in this film. Essentially it's Inception, but instead of planting ideas into people's minds while they…
★★★★ A pretty nice comfy sci-fi fantasy, with that nostalgic cheap '80s feel, following a man struggling with emotional difficulties discovering he can astral project. I wouldn't say the lead is a good person, and I think the film knows that too, so be warned.
★★½ 🌽👻🥋1984 Month🤸‍♂️🎟️🗓️ Released 8/1/1984 - USA Very cool concept that is not well executed. It’s fun enough. If there was a great transfer to look at it might be more interesting. The poster art is laughably inaccurate. This is not a sex movie.
Ok.ru"
Sideshave (2024),The Weirdo's Videostore (aka The Weirdo's Paradise),,Recreation of a traumatic haircut from Carta's teenage years.,,5.0,"★★★★★ Beautiful and sad and hot. One of the most gorgeous pieces of trans art ever made. Carta’s work and existence changed my life. Truly one of the bravest artists I know.
Watch here: sideshave.com Resist the urge to scroll below the video to see the photos. Treat yourself, watch the film first.
I’m not big on the long eyeroll Letterboxd review, but until this world adds brutal sex displays to Art Appreciation courses we’ll forge our own damn world. Indulge me. We’re going for a walk through the whole thing. The broad, the inside-specific, the hyper-personal. Come on, pervert. Off we go.
It shouldn’t be lost what a miracle it is we even get to see Sideshave. Whenever I get to discuss work like this, I can’t avoid making this point: there aren’t a lot of people doing what Carta Monir and Sir Testimony do. Or more specially, there aren’t a…
★★★★★ with context here, the world of kink is very removed from me - besides some very rudimentary/hyper-specific things, i don’t understand a lot of the nuances and ins and outs of how kink, especially as intense as this, functions. watching something like sideshave definitely has me feeling like an outsider looking in …
with all this being said - sideshave is truly unlike anything i’ve seen before. it’s raw, it’s sexual, it’s perverted but still so intimate, so CATHARTIC, it’s just as brutal and bloody as it is touching and tender. transsexuality is understanding and embracing the malleability of the human form, and together carta and sir give such an explicit performance of this understanding… through blood and needles, through…
★★★★★ this piece will forever hold a huge place in my heart. the visceral depiction of trauma through these means is so gut-wrenching and primal, with the set radiating a mockery of all that is clinical and sterile. i adore these creators and i cannot overstate how much i love this project. would've killed to see it at the premiere. long live trans art dude. only we can tell our stories like this.
★★★★★ they finally put the film of the year on letterboxd 🙏
★★★★★ life changing experience
★★★★★ [2/2]
My second watch, just 20 minutes after the first ended.
In the first watch, I was appreciating the setting, the framing, the sound design. I felt inspired—""I could make something in this vein... *we* [myself and my girlfriend / scene partner, who joined me for my first, and only my first watch (she'd seen it once before already)] could make something like this"". I took heavy interest in the mechanical elements, the work that went into the assembly of this piece. As it progressed, I believed that I has found a new standard for the kind of work I would be interested in producing myself.
I didn't know how right I was.
The ending hit, and the gravity of…
★★★★★ Fuuuuck.
I’m honestly grateful that I get to see something like this. The working through of trauma is an immensely tasking act, and it also doesn’t have to be shared with anyone. But processing through this, the accounting of violence against oneself in such a way, is powerful and thought-provoking in terms of how I process my own traumas.
Intense and really confrontational. The sound design really made me think of Texas Chainsaw Massacre, especially with the sounds of the camera, and the sound of the razor being used as extended ambient noise.
Had me thinking a lot about the ways that kink can be used as a means of ownership over trauma, redressing a traumatic event within the context of a controlled environment with finite end. Here that context is made quite blunt!
Not giving this a star rating because that feels difficult.
★★★★★ the only way to watch this is porno theater style, like with a group of strangers
★★★★★ a full body religious experience in a way i have never experienced, the constant swaying of abject horror and delight is like no other. this for me is art as close to my soul as possible.
★★★★★ A true testament to the idea that you are more than your physical traits. Even if a part of who you are is forcibly removed, you can still be whole.

I don’t know if you have to go through *this* but you can still be whole."
The Lion Roars 2 (2012),,,A woman is disliked by men in her village because of her bad temper. She uses her martial arts skills to beat up men who are unfaithful to their wives.,,0.5,"½ This movie only cost me a dollar, but the 100 minutes of my life I spent watching it I will never get back.
It gives up on being a comedy after about 5 minutes. There are literally no jokes in the entirety of the movie. It's so strange, it's like they realised, and then tried to pivot this into being a drama part way through production, but they didn't have any of the necessary dramatic actors, script, sets, skills etc to pull that kind of shift off.
It says a lot that I spent most of the running time wishing I was watching the first movie again, like it was a warm blanket that would save me somehow and make…
½ Considering the success of the first movie, and the fact this movie has two of the biggest comedians in China, this was a painfully unfunny and overly aware of itself try hard."
Il Posto (1961),"feeling lost in your 20's; Befriending the lyrical loneliness...; The Complete Criterion Collection; Guillermo del Toro's twitter film recommendations; Under 100 Minutes; It's Someone's Favorite Movie; Solidarity Cinema Archive; Top 100 Underseen Films; Neverending Christmas movie list; A Cinematic History of the World; The 1001 Greatest Films, ranked as objectively as possible; Top 1,000 Films of All Time (Calculated); The Great Unknown; Top 5,000 Films of All Time (Calculated); Top 5,000 Highest Rated On Letterboxd; Letterboxd Four Favorites Interviews; The Oxford History of World Cinema; All movies rated 3.8 stars or higher (with at least 10,000 ratings); Interesting ones which deserve more recognition (some slightly well-known, others almost unobserved). ***When added (that is, update needed); They Shoot Pictures, Don't They? 1,000 Greatest Films of All Time – 2021 Edition; criterion.; Films of Interest That are Available in Full on the Internet Archive (WIP); Criterion Collection; K I N O D A S E I N ‘ S  200 GREATEST FILMS OF ALL TIME; The Criterion Channel: Every Film Currently Streaming on the Service; The 1001 Greatest Films, ranked as objectively as possible.; Safdie Brothers favorite films; Top 250 Films Below 100 Minutes in Runtime; TSPDT THE 1,000 GREATEST FILMS (2020 Edition); The Hidden Gems of Irreverent Pseuds & Poseurs; They Shoot Pictures, Don't They? 1,000 Greatest Films of All Time – 2022 Edition; Top 100 Italian Films; Top 250 Films of the 1960s; World Cinema You Haven't Seen Yet; They Shoot Pictures, Don’t They? 1,000 Greatest Films of All Time – 2023 Edition",Drama; Moving relationship stories; Heartfelt and sentimental family stories; Captivating relationships and charming romance; Tragic sadness and captivating beauty; Heartbreaking and moving family drama; Passion and romance,"With his family mired in financial troubles, Domenico moves to Milan, Italy, from his small town to get a job in lieu of furthering his education. A lack of options forces him to take a position as a messenger at a big company, where he hopes to receive a promotion soon. There, Domenico meets Antonietta, a young woman in a similar situation as himself. The two form a tentative relationship, but the soulless nature of their jobs threatens to keep them apart.","Domenico forgoes the latter part of his education, because the family has chosen his younger brother to take up studies. Applying for a job at a big city corporation, he goes through a series of exams, physical tests and interviews. During a brief respite from the tests, he meets Antonietta, a young girl who has similarly forgone her schooling to earn money to support herself and her mother. Through the course of this meeting, they have coffee at a local cafe and shyly discuss their ambitions and lives. Domenico is attracted to her, but they are quickly separated when they land jobs in different departments.

A superior informs Domenico that although he passed the tests, no clerical positions are available; he agrees to take a job as a messenger in the meantime. He is instructed by employee Sartori, who works next to the accountants' office. Trying to find Antonietta, Domenico sees her one day, leaving the building among two other young men. He does not approach her, but later bumps into her during his errands. She invites him to join her at a New Year's Eve party held for the workers, which he decides to attend later in the evening.

Arriving at the party realising Antonietta's absence, he accepts the invitation of an older couple to sit with them. He observes the other guests dancing and having fun, while he remains silently in the company of the couple. When an older woman asks him to dance, he is hesitant at first, but later accepts her invitation, drinking and joining in the party. The night culminates in a simple and free dance in which all the guests participate.

When Domenico returns to work, he is offered the vacated desk of recently deceased employee Portioli of the accountants' department. Before being able to settle into the desk, however, the older staff move up in the rank order, forcing him to take a dimly lit desk in the last row.",4.58,"★★★★★ Every time I see the scene in which Domenico and Antonietta are rushing through the city, I’m so glad that they are late. As if they are appreciating the last naive moments of being young and are a bit late to face the dull reality of grown-ups. When Domenico gets the job, he has to try out the new role of being adult. And of course, at first it feels like an over-sized coat that doesn't fit. But there is something very special and beautiful about the way Domenico observes this new and unknown world. His wide-open eyes are so easy to read from and tells about all the unspoken feelings of being young.
★★★★½ Timothée Chalamet is so good in this.
★★★★½ The poetry of the mundane.
★★★★★ Ermanno Olmi's IL POSTO is one of the masterpieces of Italian cinema. It is simplicity itself. A boy from the suburbs gets an office job with a large company in Milan. The work is menial and it hardly represents his life's ambition but in the passing of time he realises this might be as good as it gets. Of all Italian directors perhaps none was as good as observing the minutae of everyday life as Olmi and few could find such a rich seam of both comedy and drama in the fundamentally mundane. You could say that in this respect Olmi is the most Catholic of directors. He films IL POSTO as if it were a documentary. The superb location photography is by Roberto Barbieri and Lamberto Caimi and he gets wonderfully naturalistic performances from his entire cast but in particular from Sandro Panseri as the boy and Loredana Detto as the girl he falls for. A life-affirming experience.
★★★★ During this next dance, a little cloud will slowly move in front of the spotlight. Seize the moment. But remember, you must be quick.
★★★★★ It's a free-spirited, free-flowing masterpiece. The details that count are the smallest, and Olmi makes them resurface under the layers that a simple camera hides. Youth is shining in a corporative environment. Who needs unbelievable coincidences or events in a movie with an honest nature? Nobody. When art imitates life and not the other way around, viewing standards are defied, yet the final outcome for the wise is highly sublime and rewarding.
98/100
★★★★ The freedom and enthusiasm of adolescence is sublimely captured and subsequently shattered in Il Posto .
Domenico enters the workforce as a timid, yet encouraged young man looking to break into a field and eventually work his way up the ladder. He comes from a humble home: not poor, but not quite middle class; his ambitions are kept realistic, but motivated; his feet planted shyly, yet firmly with a readiness to make the jump from juvenescence into adulthood. When he meets another aspiring employee for the same company named Antonietta, he is immediately smitten. It appears she is as well, and after they spend a day together with what seem to be all the makings of a budding affair on the…
★★★★★ Il Posto is a story about feeling overwhelmed, alienated and being in love.
Like Gregor in Franz Kafka’s Die Verwanslung (Metamorphosis), our protagonist Domenico (Sandro Panseri) is forced into an unfamiliar and strange situation. Like Gregor, Domenico doesn't seem to fit, the world appears absurd, and his coat is too big. He is a young man in an old man's place.
In many ways, Il Posto resembles another Kafka story, that of Amerika (1927). In which European immigrant Karl Roßmann finds himself in overwhelming often bizarre situations, used and manipulated by the people he thought were there to help him.
Il Posto is a critique on the social ladder, those who climb, and those who are on top. Don’t leave your desk for too long, somebody might just come and take your seat.
“Seize the moment. But remember, you must be quick.”
★★★★★ A film that really understands the slow, often imperceptible dissolution of self that comes with the transition into adulthood, it shows the promise of a future slowly flattening into routine. Identity folding itself to match the shape of the system, piece by piece. Feeling the weight of presence without meaning and motion without direction. We try to belong, to adapt, to survive quietly but in doing so, we start to vanish.
I connected a lot to Domenico's character. He barely speaks, but everything about him says enough.
★★★★½ Is that all there is?
★★★★ an array of responses to routine, and all the forms of love we find in-between
★★★★½ Film reviews in 22 sentences (or less) Today: Il Posto
""Italian Neorealist cinema gave me another aspect of what film could be."" (Martin Scorsese)
Hi everybody, when reading about the plot, you might assume that a story and scenery couldn't be simpler, a story about a young man's first steps into adulthood who prepares for the big exam that is hopefully going to get him a place in a company in the city... set for life, safe and sound in a good job... . But that isn't the case in terms of cleverness, the frame story may look simple, especially with so little dialogue and interactions yet ""Il Posto"" represents a certain dehumanising effect in (literally) the machineries of big…"
それでも夜明けは訪れて (1994),Avant-Garde Underground,,"The pendant has disappeared, the shadow has disappeared. What will disappear next? The protagonist feels less and less alive every day. Even though she is a virgin, the only way she can think of to confirm her own life is to try a pregnancy test. To put an end to her boredom and pessimism, she leaves a message on her dial Q2 and meets a man. What does she get in exchange for making a man with a voice fetish cum? Despite the stylish pictures with a French taste, the story deepens from ennui to horror. The first half of the film, ""the sense of alienation peculiar to a period when one is not young enough to be called a girl, but young enough to be called a woman"", becomes ""a scary story in the style of modern folklore"" at the end.",,,
The Silence of Mark Rothko (2016),Free On YouTube,,"An exploration of painter Mark Rothko, best known for imposing canvasses that eschew representation to express fundamental human emotions through pure color.",,3.1,"★★★★ upon further reflection, i probably shouldn't have started this at 1 am, but at the time i thought i was wide awake, and i was excited because my rothko book is scheduled to arrive today, so i wanted to watch something to hold me over.
hearing rothko's son read his father's words - i now feel like i need to buy a book of his writings - i was moved by all of rothko's thoughts
★★★ Rothko's my favourite and I'm for sure hyperfixating on him atm but honestly by far the best moment here is when the filmmakers interview a homeless(? apologies, it wasn't clear) man on the steps of what used to be Rothko's studio and he talks about how rough his life has been. Would so prefer a movie about that guy.
★★★★½ Somewhere in between the night's canvas and mists of miso soup:
Immersed in luminous, softly-blended horizons of sight and taste and smell I felt her standing beside me laughing; small white hands poised, fingertips covering her mouth to hide the delighted smile of a geisha trained in the sensual pleasure of the abstract expressionist. She will always be a mystery to me - a puzzle of nested, lacquered Rauschenberg boxes, going down like the clean texture of sashimi followed by a Rosenquist twist of eye-watering wasabe. The video loop in my head quick-dissolves between the yoni of Marliyn Monroe and the probing French kisses of J. Edgar Hoover and Roy Cohn
The curtain rises and the actors step out upon…
★★★★ There is more power in telling little than in telling all, SILENCE IS SO ACCURATE.
★★ irony, this is a modern ingredient. kinda sucks as a documentary. hardly featured the paintings and is oversaturated with awful & static b roll. thinking about the paintings in relation to the room struck me— his attention to the personal against the institutional scale, the environment within which his messages were perceived. tough when u get the impression that the director doesn’t care very much / isn’t the most knowledgeable about their project. i appreciated his thinking about the “complexity” of communication, simplicity as a factor of directness in art. prioritizing dialogue over consumption! i’ve visited “The Rothko Room” @ Phillips in DC and appreciated this sort of attention to habitat.
Within five minutes the documentary is holding some guy hostage; making him feign both interest and surprise while sitting in silent judgement on their perfectly reasonable ignorance of the Great Rothko. Feels like everyone on the production side of the making was way too close to the subject.
★★★ Eternal Scavenger Hunt Film 233: A film featuring a place/landmark you want to visit! (The Rothko Chapel)
I think this is an example of my father's great love of irony. I think if we take him too seriously, we are in trouble.
Not a great documentary by any means, but it really reaffirmed my desire to visit the chapel some day and my appreciation of Rothko's work.
★★★½ Mark Rothko is one of my all-time favorite artists but always behind Basquiat somewhere as the later is my favorite.
I appreciated what the doc was going for but I didn't take away any major insights, if anything I felt the words of Rothko, as read by his son, were more of a fuck-you to anyway trying to seek meaning from the artist. Maybe it was the context, or rather lack of it since it was disconnected excerpts, but I truly felt his words were a line of bullshit in a lot of cases. And, if they were, I respect that.
When the doc was using photography and videography to show the daily life of the urban city that you…
""The struggle is beyond painting, not with painting.""
★★ Navel gazey and full of boring b-roll but I like rothko so pretty enjoyable still.
★★½ i used to work at both of the museums in this :)
★★½ Rothko is my favorite painter so I figured I'd give this a shot. Boonstra makes a very ambitious film that appears to be a lot of things at once - some planned, others seemingly weaving their way into the narrative as production went on. Undoubtedly the best part for me was seeing the exhibition come together and hearing from the curator. Less effective was the stoop interview, while the still life montages were uneven. Overall an enjoyable experience as a fan. I'm not sure someone who doesn't know Rothko's work would agree (which is OK)."
The Snake Queen's Wedding (1983),The Chronological History of the Cinematic Macabre; 80's Horror; 💩 The Crappy Guide to “So Bad It’s Good” Flicks 💩,,"A great duel erupts between Tejo Arum, Nyi Blorong's lover, and King Dewacengkar, as rivals seek her affection. When Tejo Arum is defeated, Nyi Blorong aids him by transforming him into a giant powerful enough to crush his enemies. To regain his human form, Tejo Arum is forced to meditate for 350 years.",,2.75,"★★ I think Eichiro Oda got the amazon Lily and Blackbeard reference in this movie.
★★★ Let them fight
★★★ Honestly, I watched this completely at random, hahaha. It popped up on my TikTok feed, and somehow I ended up hunting down the full movie.
First of all, I just want to pay my respects to the Queen Alm. Suzanna — she was absolutely stunning, gorgeous, sexy, the very definition of a femme fatale.
But come to think of it, Indonesian films from that era were actually quite bold. And honestly, I don’t really see this as a “horror” film, despite Suzanna’s long-standing association with mysticism and the supernatural stuff bla bla bla. The structure feels more like a melodrama, wrapped in the kind of aesthetics and sensuality typical of Indonesian cinema from that time.
I’ve watched a few of…
★★★ pertarungan laga memperebutkan hati ratu nyi blorong namun kurang seheboh yg aku kira😔 but still slay queen😘💅🏽👸🏻🐍"
Woman and Child (2025),The Most Controversial Films on Letterboxd; Festival de Cannes : Official Selection 2025 / Sélection officielle 2025; Cannes 2025; 📽️Compétition officielle - Festival de Cannes - Official Competition (1946 – 2026),,"Mahnaz, a 40-year-old widowed nurse, struggles with her rebellious son, Aliyar, who has been suspended from school. Family tensions reach a peak during the betrothal ceremony with her new boyfriend Hamid, and a tragic accident occurs. In the aftermath, Mahnaz will be forced to confront betrayal and loss, and to embark on a quest for justice.",,1.83,"½ روستایی هرجایی که هستی یک قدم از دوربین فاصله بگیر. پرقدرت ادامه نده 🙏🏻
½ اگر امروز بابت هر فیلمی که آقای پورشیرازی داخلش یه نقش منفی بازی کرده، ۱۰۰۰ تومن می‌گرفتم، الان ۲۰۰۰ تومن داشتم که خب پول زیادی نیست؛ ولی همزمانیش کمی عجیبه.
شاهکار بود. شاهکار! تجربه بی نظیر دو ساعت و ربع فیلم اجتماعی، با پوکرفیس ترین حالت ممکن، بدون کوچک‌ترین درگیری احساسی نسبت به فیلم و بی صبرانه مشتاق پایان فیلم بودن :)
امثال این فیلم، سینمای ایران رو از باتلاق کمدی های مبتذل نجات میدن و سینمای اجتماعی ایران رو زنده، میکنن. تو این چند سال اخیر، ما فقط فیلم کمدی دیدیم. چیز دیگری هم مگه اکران شد؟ ما که ندیدیم. اگرم چیز غیر کمدی بوده، قطعا همه شون از این فیلم سفارشی های بنجل بودن و قطع به یقین…
½ سینمای "" سعید روستایی "" از نخستین اثرش "" ابد و یک روز ""، تا تازه‌ترین تجربه‌اش "" زن و بچه ""، در بستری تکرارشونده شکل گرفته است. جهان او بازتاب زنده‌ی جامعه‌ی معاصر ایران نیست، قلمرویی خیالی و قراردادی است؛ سرزمینی که می‌توان آن را "" سرزمین روستایی "" نامید. در این سرزمین، زندگی هرگز در خلوص و پیش‌بینی‌ناپذیری‌اش ظاهر نمی‌شود. شخصیت‌ها همچون قطعات از پیش تراشیده، بارها و بارها در کنار هم قرار می‌گیرند تا همان واکنش‌ها، همان بحران‌ها و همان فرجام‌های از پیش نوشته‌شده را اجرا کنند.
در "" ابد و یک روز ""، این قالب در قامت یک خانواده‌ی فرودست آشکار شد: اعتیاد برادر، خواستگاری نافرجام، فروپاشی اخلاقی و اقتصادی، و زنانی که یا باید قربانی شوند یا بار همه‌چیز را بر دوش بکشند. در "" متری…
★ سقوط آزاد سعید روستایی به ورطه‌ی ابتذال. در عجبم که همان کسی که «ابد و یک روز» را کارگردانی کرده، این فیلم را هم ساخته است. فیلمی درهم و برهم، آشفته و سردرگم و شلخته. آنقدر موضوعات مختلف را در لحظات داستان چپانده که در نهایت بیننده نمی‌داند حرف حساب این فیلم چه بوده. اکثر این موضوعات هم به‌شدت ناپخته روایت شده‌اند، در حدی که انگار روستایی یک داستان کلی نوشته و سپس به چت‌جی‌پی‌تی گفته حالا یک جوری نقد به سیستم آموزش و پرورش را هم واردش کن، حالا یک جوری نقد به مردسالاری و نقد به سیستم قضایی و نقد به خانواده را واردش کن. داستان و تم فیلم هر یک ربع یا حتی کمتر عوض می‌شود. من…
★★★★ Men are trash Iran edition
½ کشوری که هیچ چیزش سر جاش نیست، بایدم کارگردان سینماش تو باشی. بوی تعفن زباله‌هایی که می‌سازی مثل بوی کثافتی که داریم توش زندگی می‌کنیم همه جا رو برداشته. نه هیچ‌وقت مردم کشورت رو شناختی، نه هرگز فهمیدی مشکل کجاست. نه می‌دونی مرد چیه، نه زن. پشت ماسک فمنیسم، شرایط سیاسی و اجتماعی ایران و گرفتاری‌های مردم قایم شدی و زور می‌زنی فاحشه‌خونه‌هایی مثل کن و اسکار، یه استخون هم جلوی تو بندازن. سینمانابلدتر از روستایی، تاریخ سینمای این کشور به چشم خودش ندیده. روستایی نه دوربین می‌فهمه، نه نور، نه میزانسن. نه بلده شخصیت بسازه، نه می‌تونه تیپ خلق کنه. روستایی هیچ اثری نمی‌ذاره، مگر روی قشر لمپن و اوباش و سینه‌فیل‌های بی‌سواد و ناشی. سال‌هاست داری با آت…
★★★★ Au début j’ai chialé, après j’ai chialé tout le milieu, et pendant la fin j’ai chialé pas mal aussi
★★★ One star off for no attempted murder of Hadim.
★★★ WOMAN AND CHILD takes some time to get going but once a pivotal dramatic shift occurs, Saeed Roustaee’s latest shifts into emotionally devastating territory with an unbelievably pained & powerful performance from Parinaz Izadyar as a mother of two kids caught between an arranged marriage and the suffocating expectations placed on her by society. The film’s tremendous moving impact wouldn’t resonate nearly as much if it wasn’t for Izadyar. While it builds to a climactic, touching finale, some questions remain unresolved making this an uneven drama.
½ فیلم کسشر کم ندیدم ولی واژه ""کسشر"" برای این فیلم کافی نیست، متاسفانه زبان فارسی واژه مناسب این فیلم که حق مطلب ادا بشه نداره جدی فیلمنامه رو انگار هوش مصنوعی بر اساس کلیشه ها نوشته با پرامپ ""لطفا هرچی میتونی کسشرتر باشه""
★★★★ What a moving movie. The family is a mathematical problem that never has the same result.
Iranian cinema is truly remarkable when it comes to portraying family life while exposing injustices and inequalities.
These are films that enrich us. Saeed Roustaee ’s Woman and Child is no exception. It didn’t affect me as deeply as his two previous films, but it’s still powerful enough to shout loud and clear against patriarchy.
A great intimate tragedy about women and actresses.
Banning iranians filmmakers will never stop them from making art. Congrats Saeed.
🇮🇷🚑💔
½ چی بگم والا پول بلیط رو بدید به جاش برای خودتون پفک نمکی بخرید، بهترم هست."
Were You Gay in High School? (2020),wlw; Sapphic Short Films,,"Two queer women recall their awkward, closeted high school days of kissing boys and straight-girl crushes.",,3.94,"★★★★★ This is so cute and accurate! Made me reminisce my high school days. Asking myself, was I gay in high school? Yes! I had this crush on a straight girl who is so sweet. I liked her so much that I gladly helped her do some school assignments. And we even had lots of nights just texting and calling. We even had a song for each other (lego house by ed sheeran). But all of a sudden, she had a crush on a boy. You could imagine the pain I went through. That's the time my feelings for her started to disappear. Jumping to our first year in college where we take the same degree, we're still close friends. I…
★★★★ alexa, play Boyfriend by Dove Cameron.
★★★½ were you buzzfeed unsolved in high school ???
★★★★ woah the Ryan Bergara cameo also saw a Special Thanks to Eugene Lee Yang Buzzfeed Asians unite!
this was a cute short <3
Hey it’s gay it’s cute it’s a convo I’ll never get tired of having with people
★★★★ RYAN BERGARGA CAUGHT ME OFF GUARD FRR WTFFF😭😭 ALSO THE DOVE CAMERON REFERENCE TO BOYFRIEND LMFAOO
Awkward teen girl memories + animation! Yes!
Definitely for the best *I* wasn't gay in high school.
were you ryan bergara in highschool?
★★★★ i could be a better boyfriend than him
★★½ putting a basketball in ryan bergara’s hands does not make him less of a twink.
*heavy breathing cat meme*
★★★★½ A heartfelt, adorable, and clever look at queer high-school awkwardness, this short is inventive and fresh, with two distinct, nerdy, relatable voices telling their stories. It's partially animated, and the cute/ugly doodles continue through the closing credits, so every second of it is fully watchable."
Made Manifest (1981),Avant-Garde Underground; Every Film Taught by Stan Brakhage in His Classes (1970-2001),,"""Every man's work shall be made manifest, for the day shall declare it, because it shall be revealed by fire and the fire shall try every man's work of what sort it is."" -1 Corinthians 111-13",,3.75,"★★★½ The way how Stan meditates on Light and Water is quite peculiar. This structural view on landscape reduces the monumentality to something local but still deep and comprehensive. Light is not straight and continuous, it is rather discrete and shortly sparkling. Water is also not being straight or continuous (like flowing river), but rather vertical shapes of breaking waves and also sparkling. Such a view develops ragged tempo with a circular swirling nature
★★★★ Immutable to permanent in waves and mountains.
Rinse and repeat"
The Horse (1973),Solidarity Cinema Archive; Black Life on Film; Martin Scorsese's Favorite Films; The Criterion Channel: Every Film Currently Streaming on the Service; Black Film Archive; Drive Cineclube Sganzerla,,"This critically acclaimed 1973 short is about an aristocratic white farming family who has a horse that is being put away, by the father of a young black boy named William. William cares for said horse in its last moments, as the male family members eagerly wait for his dad to arrive.",,3.69,"Since around 2013, when James Franco released his film adaptation of As I Lay Dying , which I've yet to see, I've been wondering if there existed an (established) American filmmaker with the appropriate style, language, and personal commitment to the subject to do justice to Faulkner's work. Faulkner found a language for the fraught ugliness of coming into racial self-understanding -- for whites as well as for blacks. He explored the ugliness inhering in the Southern gothic's beautiful, mythic lyricism. And this short makes it clear that he has a cinematic match, and that artist's name is Charles Burnett. Here's a filmmaker attuned to the material undercurrents of everything his camera captures, whose compositions and sound design seem to peel…
I really wish Charles Burnett had made a Western.
★★½ A simple story about a group of white men waiting for a black man to show up and euthanize a horse. The black man's son has been caring for the horse all day.
This story is meant for you to fill in the blanks. 1,000 different people could watch it and come away with 1,000 different meanings.
I like the cinematography. It reminded me of a Van Gogh painting.
★★★★★ DYING BEAST
Sensing death, The buzzards gather— Noting the last struggle Of flesh under weather, Noting the last glance Of agonized eye At passing wind And boundless sky.
Langston Hughes
Filme disponível em: www.youtube.com/watch?v=IVWUlYgtaZM
★★★★½ 13 minutes long but feels like a real movie.
★★★★ Captures a vastness that seems endless, like over the mountains the same scene is repeating itself.
What a great short film. Predates Killer of Sheep but is not much of a precursor to it. I was getting more Dark Star vibes tbh! There's an eerie edge to it, like its bidding farewell to 50s-60s hardboiled whilst being its own peaceful love letter to stagnant rural life. The horse itself is a non-entity, an off-screen symbolic. The end is abrupt and unsettling. Music by Samuel Barber.
This is very cool.
★★★ There isn't much happening here, but I'll be damned if Charles Burnett can't shoot the hell out of a shot.
★★★ What's lower than no-budge, the budget for this Charles Burnett short film using one location, probably one day of production, perhaps a weekend. The actors doubling as camera and sound crew (or visa-versa). Toss in some rudimentary equipment, probably loaned from the UCLA film department. The pay rates may have been friendship, or previous help offered free of charge. The costumes are simple and few. The horse and perhaps an owner-wrangler unknown. The period-ish cars are a mystery, but don't look like studio rentals--maybe a nearby mechanic for a days pay. Toss in raw stock, maybe short ends from that same school or from other short films Burnett had kept. The Sun was free. The distance and the howling mood…
★★★★ An impressionistic sketch and mood piece, and for just capturing the amiable discomfort of a summer day, I'd be impressed by it as a little exercise. But then it ends, sonically and visually and narratively, with a violent rupture that forces one into a reckoning with the apparent quietude of what we just saw, recasting it as an illusion of innocence hiding doom and brutality and rot. I don't think I saw exactly the same film that K. Austin Collins sees , but his phrase ""experiencing the shock of initiation into black adulthood"" is a perfect description of those last seconds, and the sense of understated anger it creates at the indifferent mean blandness of the white characters who provide the banal prattle that mostly makes up the film's soundscape.
Granting all of that, using music at all was an inexplicably bad choice, even though I get the thematic echoes of using Barber's Knoxville: Summer of 1915 .
★★★½ Obtuse and beautiful. The long lens shooting creates the sense of a flat, long-dead specimen from the past, like a pressed flower. A preserved moment with countless possible contexts.
After the Egyptian and Indian, the Greek and Roman, the Teuton and Mongolian, the Negro is a sort of seventh son, born with a veil, and gifted with second-sight in this American world,—a world which yields him no true self-consciousness, but only lets him see himself through the revelation of the other world. It is a peculiar sensation, this double-consciousness, this sense of always looking at one’s self through the eyes of others, of measuring one’s soul by the tape of a world that looks on in amused contempt and pity. One ever feels his two-ness,— an American, a Negro; two souls, two thoughts, two unreconciled strivings; two warring ideals in one dark body, whose dogged strength alone keeps it…"
Banale Tage (1991),🌈Pride: A Chronological History of Queer Interest & LGBTQ+ Cinema,,"In East Berlin in the late 70s, two boys meet one evening in a disco: Thomas, who is from a working class family and is doing an apprenticeship, and Michael, a 16-year-old school pupil from an educated middle-class family. They both miss the tram home and walk together instead, ending up at Michael’s house where they discuss God and the world into the early hours. Following this encounter the two boys enter into an unusual friendship, united by their mutual desire to get away from the phoniness, the limitations and the restrictions of their parents and of society.",,3.8,"★★★ English Version below ...
Banale Tage (1991) Banal Days
DEFA Studio Babelsberg GmbH, Gruppe ""DaDaeR"", 1990 / DDR
Ende der 70er Jahre rebellieren zwei Jugendliche in der DDR gegen das System.
Ostberlin, Ende der siebziger Jahre. Der sechzehnjährige Schüler Michael und der Werkzeugmacherlehrling Thomas sind Freunde. Als ziemlich unterschiedliche Typen haben sie doch eins gemeinsam: sie wollen dem Mief in Elternhaus, Schule und Betrieb entfliehen. Ihr Aufbegehren ist ein grotesker Trip durch den banalen Alltag...
Begleiten Sie die beiden Teenager dabei, wie sie sich gegen die grassierende Bevormundung auflehnen und versuchen, sich im Alltags- und Kulturleben der DDR zurechtzufinden.
Folgende Texte stammen aus dem DVD Booklet von Philip Zengel:
Regie: Peter Welz | Szenarium: Michael Sollorz nach seiner Erzählung ""Banale…
★★★★ sie: “ich liebe dich” er: “hihi. haha. hohohoho”
hab maximal 20% vom film verstanden weil der so maximal grotesk ist die restlichen 80% macht dann homoerotik (personifiziert durch ronald m schernikau) wieder wett
all in all holy motors ddr edition 👍🏻
★★★★ ""Ich würd dich ja reinbitten, aber... ich muss in die Schule. Wegen irgendso'nem Buch.""
Ganz groß.
★★★½ Berlinale 2024 #16 (Retrospective)
Has touches throughout where it breaks from the realism it otherwise subscribes to and I loved these bits
There’s a great moment where a guy on a bike tries to grab a flyer from the air… I laughed so hard
Geschaut weil Schernikau ein mini Auftritt hat, die homoerotische Energie des Films entspricht seiner
★★½ rlly liked young florian lukas, but idk i felt the film lacked well written female characters
★★★★ Great fashion
★★★★★ Masterpiece. This has it all.
-Diagetic/Non diagetic music that stops and stirs at all the best times -Train Delays -Cyclical Editing -A dude with wood -traveling band (kinda) -Keffiyeh
Apparently this is its first showing in the US. What a special occasion.
The outfits, and some of the sequences were more than memorable. What a ride
★★★★ Richtiger Kult! Wie die besten Filme dieser Art zeigt er die banalsten (haha) Erlebnisse des Erwachsenwerdens und lässt sie sich wie absolute Neuentdeckungen anfühlen. Es gibt so viele spaßige und schöne Filmideen hierdrin, da bringt es gar nichts, das aufzuzählen. Und natürlich spielt Schernikau mit!!!! Also: Anschauen! Gibts auf Youtube, keine Ausrede!
★★★½ lots of people carrying really looooong things, made me giggle a lot.
jacke wie hose
★★★★½ Hat alles, sogar einen pinken Balkon"
Miss Austen Regrets (2008),Period Dramas; jane austen,,"Jane Austen is about to turn 40, but she still hasn't found her ideal man. When Jane is approached by her niece Fanny and asked to help select the perfect husband for the young girl, the aging spinster begins to wonder why it is that she never found a man to share her own life with.",,4.05,"★★★½ Becoming Jane (2007): who are you? Miss Austen Regrets (2008): i'm you but ten times stronger and 100 times more nuanced and respectful
★★★★ Oh this was a pleasant surprise! The most accurate portrayal of Jane Austen to date. I live for the longing, pining and yearning. Only complaint: not enough Tom Hiddleston
★★★★½ I loved this! All of the acting and filming was great. I just loved idea of relatable Jane Austen getting hangover after drinking too much with her niece and being the biggest flirt ever. This just made me so happy.
★★★★ Man, this is heartwrenching. I will forever feel a sense of bittersweet melancholy every time I think about Jane Austen now. I wish she'd had a lot more time. Seems that's all she really wanted. More time to write and be with her family. Such a good movie. It feels like an open wound, like I'm seeing behind the curtain, and it hurts to look. The fantasy is gone and all that's left is harsh reality. Ultimately, no regrets though. She lived as she wanted to. She would've thrived in modern times as a rich, accomplished author. I like the idea that she was the wittiest, funniest person everywhere she went. Makes sense.
★★★★ didn’t know this film existed till i came across thee image of tom hiddleston, with his rapturous golden curls and in-tact hairline, on pinterest. and here we are. twink death is real but that’s not the point of this movie — in fact he’s barely a feature in it! the point is that love is weird and men are weird and moms suck sometimes and money does maybe buy happiness? and i love that. i love that more than i thought i would
i always found myself so saddened reading about the later years of austen’s life — like fanny, it just felt too wrong to think of the author of so many romantic fantasies destitute and sick and without…
★★★★ “The truth is, I am she that loved and lost.” “Who was he? Tell me.” “I loved and lost, pined and yearned, and then swore myself to solitude and the consolations of writing about it instead.” “Did you really?” “You read far too many novels.”
Becoming Jane found dead in a fucking ditch.
★★★★½ Why have so few people seen this movie? I mean, it’s Olivia Williams as Jane Austen! What more could one want? Seriously, though, I love Olivia Williams in this. I could watch her be regretful Jane Austen all day. Additionally, there’s a young Tom Hiddleston, and an adorable Imogen Poots. And the script is solid, the pacing is swift, and the tone has a beautiful wistfulness to it.
★★★★½ Pure joy. Inject this version of Jane into my veins so I can have her with me ALWAYS.
when ur books are ur babies >>>>
★★★★½ ""and love still dies and money still vanishes. and, spinster, lover, wife, every woman has regrets. so we read about your heroines and we feel young again. and in love. and full of hope. as if we can make that choice again.""
i wasn't sure how'd i'd feel about it but i am pleasantly surprised by just how much i liked it. the final scene between jane and her sister cassandra really had me tearing up. the cast was incredible. i would re-watch this any time.
★★½ RIP Jane Austen you would have loved the article in British Vogue about how having a boyfriend is embarrassing and centering men dulls your sparkle
★★★★½ Jane Austen really tells Fanny: “don’t expect Mr. Plumptree to be a perfect Mr. Darcy guy” and it cuts to reveal that Mr. Plumptree is young, curly haired Tom Hiddleston."
Singles (1993),anime; Japanese Animation,,"Graduating senior Sakisaka Saki is secretly in love with her older sister Noriko's boyfriend, Kazame Kaname, unaware that Noriko and Kaname have broken up. Saki hopes to escape her dilemma when she goes to college, but she ends up attending the same college as Kaname. During orientation, she is recruited to Kaname's video club. He wants to film her, but so does another boy, Tachibana Daichi, who is secretly in love with her. Can the knots be untangled and true love find its true course?",,2.7,"★★½ If this were made today it would be about Tiktok dances & Twitch Streamers. Thankfully this was 1993, so what you get is a well made, water colored anime about a girl being filmed by a bunch of cute guys with gigantic over the shoulder cameras. It has a very human touch to it, nothing crazy or over the top. Cute, soft, fluffy, dreamy romance where nothing really happens is nice once & awhile isn't it?
★★★ BANGER SOUNDTRACK BANGER AESTHETICS ABSOLUTE L ENDING
★★★ I would've preferred something a little longer, and even though it didn't go in the direction I wanted, I was satisfied with how it ended up.
cute !
The composer for this is Shigeru Nagata, who is most well known from his work on Studio Ghibli's ""Ocean Waves"", coming from around the same window he would have made the score for that movie. Given that Ocean Waves' music is what builds so much of it's tone and its ever-reflective, conversational, down to earth but pure romantic feel, its hard to not view Singles as complimentary to it- a long lost cousin.
The setting of a college film club as backdrop to the complex feelings of a crush that can't be is very cute, I just wish there was more with it. In fact, While Singles uses its 30 minute runtime effectively enough to let us get lost in…
★★ I always love Yoshizumi Wataru's character designs (at least, I'm assuming this is based on a Yoshizumi Wataru comic!), but her romantic leads can be frustrating as heck, and it was SO hard to deal with Kaname.
Still, love the outfits, the character designs, and the soft 90s looks throughout!
★★★ God bless the aesthetic of early 90s OVAs which are lucky to survive as digital transfers of the VHS tape.
This anime one-shot is a touch slow, but it's a complete story that's affecting if you're into 90s-era shoujo at all. Most of the episode is structured around one-on-one conversations about the characters' feelings and there's not too much of a conflict because the problem at hand is the main character's *perception* of a conflict. She doesn't want to be selfish, but there's nothing actually standing in her way because the problematic relationship is already over. Understanding that things do not necessarily last forever is an important part of growing up, and I liked the ways the characters came to realizations of that effect.
It's not deep or lavishly animated. It's not complex or notable. Nonetheless, it is enjoyable."
Packed In A Trunk: The Lost Art of Edith Lake Wilkinson (2015),"Stuff by women, about women; wlw; Art & Design",,"The story of artist Edith Lake Wilkinson, a painter who was committed to an asylum in 1924 and never heard from again. All her worldly possessions were packed into trunks and shipped to a relative in West Virginia where they sat in an attic for 40 years. Edith's great-niece, Emmy Award winning writer and director Jane Anderson, grew up surrounded by Edith's paintings, thanks to her mother who had gone poking through that dusty attic and rescued Edith's work. The film follows Jane in her decades-long journey to find the answers to the mystery of Edith's buried life, return the work to Provincetown and have Edith's contributions recognized by the larger art world.",,3.5,"★★★ I really enjoyed this! There isn’t a ton of information on Edith, and it’s all intentionally filtered through Jane’s interpretation of her great-aunt’s life. It captures the feeling of researching your family history and finding a little bit of yourself in your ancestors. There’s an extra layer that’s specific to researching queer history, and learning about those who came before you. In the technical sense, I think the filmmaking itself is not the best, particularly the camerawork, but I know it was a small team.
I was going to give this 4 stars until they brought out a psychic to “contact” Edith. Again I have no problem with speculation or imagination (within reason) but all psychics do is tell you…
★★★★ every single thing about this movie is lesbian culture
★★★★ 7.8 [streaming, Netflix]
Here's a fascinating ""discovery"" doc, one that could form a solid trilogy alongside FINDING VIVIAN MAIER and SEARCHING FOR SUGAR MAN. The subject: a long-forgotten early 20th century lesbian painter who pioneered a print-making technique that was previously attributed to one of her male colleagues, and who was silenced by being signed away to a mental asylum for the last 35 years of her life. Her great-niece Jane Anderson - the force behind the discovery and essentially the co-subject of this film - also a lesbian artist, pursues Wilkinson's story with a vigor and emotion that are clearly fueled by their parallel lives. Touching and enlightening.
★★★ A wonderful documentary! I am always excited to hear about queer history. It's really nice to hear about people who were gay a hundred years ago, it's nice to remind people we've always existed. It was very interesting to see the parallels between the great niece and Edith. The film is intriguing and light hearted. It feels very personal, and fun to watch because the great niece and her wife are sweet and friendly! It was the perfect mix of seeing old pictures and new filmed footage in all the places Edith was. I'm so glad I got to find a new female (and gay!) artist, we need more documentaries like this, to highlight interesting people who aren't getting the attention they deserve. This is an interesting story, and if you like documentaries, art, or anything about queer ladies, watch! (Edith being gay is not the forefront of the story, but is a delightful and definitely unavoidable part!)
★½ It's a bummer that in a documentary about her life, Edith is forgotten in favor of the projected image her grand niece (who had never met her) had of her.
★★★½ I’m such a sucker for projects around unpacking a forgotten artist so like I definitely did cry. Not sure how I feel about the inclusion of the psychic medium at the end, even as someone who’s kind of a woo woo type myself.
★★★★ waah wtf lesbians unearthing forgotten lesbiartist genealogy hits so hard sometimes
★★ Interesting story of a forgotten artist. Unfortunately, the camera refuses to stay in focus and the music is unbearable.
★★½ The psychic thing ruined the whole thing. So silly.
★★★★★ A beautiful story and an amazing film about a once forgotten artist who is no longer forgotten and hopefully will never be forgotten again.
★★★★★ Peak lesbian documentary shenanigans, they hired a psychic medium to contact the subject and a melancholy singer-songwriter with a ukulele to write an original album from her perspective
★★★★½ Beautifully poignant documentary.
Lesbian artists - I love them <3"
Everyday Something: True Stories from the 21st Century (2001),Got 15 Minutes to Spare?; Written by Women,,Based on the filmmaker's collection of newspaper cuttings the film presents private moments that give strange glimpses into everyday life.,,3.7,"★★★★ 52 films by women 2019: 22/52.
I've described Carol Morley as a kind of cinematic Charles Fort in the past, for her use of a personal newspaper clippings collection as a source for her art. It was a romantic hobby back in Fort's day, but now it seems almost monastic; actually preserving fragments of media rather than hitting refresh and allowing the latest Twitter titbits to push them out of your brain. Everyday Something takes nine stories from her archive and knits them into a tragicomic pocket symphony, thankfully without any attempt at forging Crash -style concrete connections. We get a man who blew up at his parents for not correctly answering trivia questions on Claudia Schiffer, a pair of frustrated owl-watchers and a tragic jogger, filmed in an amber-tinted comedown haze and narrated by the still-missed John Peel.
★★★★ Tony Mitchell was gratified when his mimicked hoots apparently brought a response from the owls in his garden. His neighbour had the same notion: they found they had, unwittingly, been exchanging calls for a year.
Idiosyncratic and bleak and very very charming.
(on vimeo )
★★★★ There's an old creative writing exercise that involves taking a small news item from a paper and writing a fictional account about it. I guess that's almost like what Morley does here. The ability to make you laugh about the eccentricity of the human character, and then - almost immediately - feel quite sad, is really special. And I miss John Peel so much.
See previous review here
Number 52 in my 52 films by Women in 2018 challenge.
I've managed to reach 52 films in just 5 months - but I'm obviously going to keep going.
★★★★ 52 films by women 2025: 11/52.
A return visit to Carol Morley's gently stylised, peerlessly arch compilation of strange news stories. This time I noticed how the one about the woman keeping her mother's body points the way to her breakthrough feature Dreams of a Life ; indeed, the whole tone of the film becomes more fraught and violent as it goes on, thanks to some very shrewd cross-cutting.
★★★ Watched this in Uni but I was texting my friend who was sat next to me rather than watching
★★★★ BUST SIZE?!?
★★★★ Thanks to Maxine Peake, Carol Morley has a T shirt with one of my paintings (of Christine Bottomley) on it.
And yes, that is the most namedroppy review on here. But my previous less boastful reviews are here and here .
Number 105 in my 52 Films by Women in 2023 challenge.
★★★★ This beautifully shot short film reimagines the events behind a series of newspaper cuttings that the director Carol Morley has collected. The stories contained within each clipping are bleak, tragic and horrific but the banality, peculiarity and downright eccentricity behind each one is drawn to the fore by John Peel's comforting, warm narration. From the tragic death of a man too preoccupied with eating a pasty to check for oncoming traffic to the precocious adult son of an elderly couple who routinely questioned them on trivia relating to his beloved pin-up Claudia Schiffer, each story and their recreation captures something that is perhaps worryingly unique to the British way of life and is the perfect example of the kind of merit a short film can achieve.
Just one of my 52 films by Women in 2017
taking this opportunity to say that carol Morley followed me back on instagram / checks up on me etc.
★★ lowkey obsessed w carol morley
★★★★ Owl man, owl neighbour...
This isn't my favourite favourite short but, it gets at the wee obsessions I have with the intricacies of the lives of everyone else. The newspaper seems to flatten so much experience as it converts things to text. Not that we need to like abolish words because they're not nuanced!! But, still, it's really nice to have space to think about the endlessly complex networks of life that sit just behind a headline
You can watch it free here: vimeo.com/33157806"
